-- Active: 1746819443116@@127.0.0.1@3309@festivaldb

--create 12 sets of coordinates
INSERT INTO coordinates (coordinate_id, latitude, longitude) VALUES
(1, 51.5074, -0.1278),
(2, 48.8566, 2.3522),
(3, 37.98417, 23.72806),
(4, 40.41694, -3.70333),
(5, 38.72528, -9.15000),
(6, 34.03300, -6.83300),
(7, 14.64167, -90.51333),
(8, -3.46944, 29.95694),
(9, 39.90667, 116.39750),
(10, 28.61389, 77.20889),
(11, 39.01667, 125.74750),
(12, 35.17250, 33.36500);

--create 12 locations
INSERT INTO festival_location (location_id,location_address,city,country,continent,coordinate_id) VALUES
(1, "Chelsea Street 3","London","England","Europe",1),
(2, "Marseille Street 9","Paris","France","Europe",2),
(3,"Alexandrou Papanastasiou 2","Athens","Greece","Europe",3),
(4,"Federico Garcia Lorca 2","Madrid","Spain","Europe",4),
(5,"Cristiano Ronaldo 2","Lisbon","Portugal","Europe",5),
(6,"Hakimi 2","Athens","Rabat","Africa",6),
(7,"Guatemala Street 2","Guatemala City","North America","Central America",7),
(8,"Fudge Belgium 2","Gitega","Burundi","Africa",8),
(9,"Mao Zedong 2","Beijing","China","Asia",9),
(10,"Pakistan Street 2","New Delhi","India","Asia",10),
(11,"Kim 2","Pyongyang","North Korea","Asia",11),
(12,"Limassol Avenue 2","Nicosia","Cyprus","Europe",12);

--create 12 festivals
INSERT INTO festival (festival_year, festival_month, festival_day, duration, location_id) VALUES
(2016, 5, 21, 4, 1),
(2017, 7, 6, 4, 2),
(2018, 10, 2, 2, 3),
(2019, 7, 28, 3, 4),
(2020, 8, 27, 3, 5),
(2021, 9, 16, 3, 6),
(2022, 5, 4, 2, 7),
(2023, 6, 20, 3, 8),
(2024, 8, 11, 5, 9),
(2025, 9, 7 , 4, 10),
(2026, 3, 23, 1, 11),
(2027, 7, 18, 6, 12);

--create 150 artists
INSERT INTO artist (artist_id, artist_name, artist_stage_name, artist_year_of_birth, artist_website) VALUES
(1, 'Shawn Corey Carter', 'Jay-Z', 1969, 'www.jay-z.com'),
(2, 'Aubrey Drake Graham', 'Drake', 1986, 'www.drake.com'),
(3, 'Robyn Rihanna Fenty', 'Rihanna', 1988, 'www.rihanna.com'),
(4, 'Taylor Alison Swift', 'Taylor Swift', 1989, 'www.taylorswift.com'),
(5, 'Stefani Joanne Angelina Germanotta', 'Lady Gaga', 1986, 'www.ladygaga.com'),
(6, 'Marshall Bruce Mathers III', 'Eminem', 1972, 'www.eminem.com'),
(7, 'Beyoncé Giselle Knowles-Carter', 'Beyoncé', 1981, 'www.beyoncé.com'),
(8, 'Kendrick Lamar Duckworth', 'Kendrick Lamar', 1987, 'www.kendricklamar.com'),
(9, 'Olivia Isabel Rodrigo', 'Olivia Rodrigo', 2003, 'www.oliviarodrigo.com'),
(10, 'Billie Eilish Pirate Baird O''Connell', 'Billie Eilish', 2001, 'www.billieeilish.com'),
(11, 'Calvin Cordozar Broadus Jr.', 'Snoop Dogg', 1971, 'www.snoopdogg.com'),
(12, 'Onika Tanya Maraj-Petty', 'Nicki Minaj', 1982, 'www.nickiminaj.com'),
(13, 'Peter Gene Hernandez', 'Bruno Mars', 1985, 'www.brunomars.com'),
(14, 'Abel Makkonen Tesfaye', 'The Weeknd', 1990, 'www.theweeknd.com'),
(15, 'Katheryn Elizabeth Hudson', 'Katy Perry', 1984, 'www.katyperry.com'),
(16, 'Adele Laurie Blue Adkins', 'Adele', 1988, 'www.adele.com'),
(17, 'Harry Edward Styles', 'Harry Styles', 1994, 'www.harrystyles.com'),
(18, 'Miley Ray Cyrus', 'Miley Cyrus', 1992, 'www.mileycyrus.com'),
(19, 'Jacques Berman Webster II', 'Travis Scott', 1991, 'www.travisscott.com'),
(20, 'Melissa Arnette Elliott', 'Missy Elliott', 1971, 'www.missyelliott.com'),
(21, 'Curtis James Jackson III', '50 Cent', 1975, 'www.50cent.com'),
(22, 'Elizabeth Woolridge Grant', 'Lana Del Rey', 1985, 'www.lanadelrey.com'),
(23, 'Austin Richard Post', 'Post Malone', 1995, 'www.postmalone.com'),
(24, 'Belcalis Marlenis Almánzar Cephus', 'Cardi B', 1992, 'www.cardib.com'),
(25, 'Jason Joel Desrouleaux', 'Jason Derulo', 1989, 'www.jasonderulo.com'),
(26, 'Amala Ratna Zandile Dlamin', 'Doja Cat', 1995, 'www.dojacat.com'),
(27, 'Alicia Augello Cook', 'Alicia Keys', 1981, 'www.aliciakeys.com'),
(28, 'John Roger Stephens', 'John Legend', 1978, 'www.johnlegend.com'),
(29, 'Christopher Maurice Brown', 'Chris Brown', 1989, 'www.chrisbrown.com'),
(30, 'Tameka Dianne Cottle', 'Tiny Harris', 1975, 'www.tinyharris.com'),
(31, 'Park Jimin', 'Jimin', 1995, 'www.jimin.com'),
(32, 'Edward Christopher Sheeran', 'Ed Sheeran', 1991, 'www.edsheeran.com'),
(33, 'Armando Christian Pérez', 'Pitbull', 1981, 'www.pitbull.com'),
(34, 'Luis Alfonso Rodríguez López-Cepero', 'Luis Fonsi', 1978, 'www.luisfonsi.com'),
(35, 'Shakira Isabel Mebarak Ripoll', 'Shakira', 1977, 'www.shakira.com'),
(36, 'Diego Leanos', 'Lil Xan', 1996, 'www.lilxan.com'),
(37, 'Solána Imani Rowe', 'SZA', 1990, 'www.sza.com'),
(38, 'Bad Bunny', 'Bad Bunny', 1994, 'www.badbunny.com'),
(39, 'Damini Ebunoluwa Ogulu', 'Burna Boy', 1991, 'www.burnaboy.com'),
(40, 'Charlotte Emma Aitchison', 'Charli XCX', 1992, 'www.charlixcx.com'),
(41, 'Trevor Daniel Neill', 'Trevor Daniel', 1994, 'www.trevordaniel.com'),
(42, 'Alecia Beth Moore', 'P!nk', 1979, 'www.p!nk.com'),
(43, 'Jonathan Lyndale Kirk', 'DaBaby', 1991, 'www.dababy.com'),
(44, 'Tahliah Debrett Barnett', 'FKA twigs', 1988, 'www.fkatwigs.com'),
(45, 'Tyler Gregory Okonma', 'Tyler, the Creator', 1991, 'www.tylerthecreator.com'),
(46, 'Brett Eldredge', 'Brett Eldredge', 1986, 'www.bretteldredge.com'),
(47, 'Bobby Ray Simmons Jr.', 'B.o.B', 1988, 'www.bob.com'),
(48, 'Joshua Bassett', 'Joshua Bassett', 2000, 'www.joshuabassett.com'),
(49, 'Montero Lamar Hill', 'Lil Nas X', 1999, 'www.lilnasx.com'),
(50, 'Ashley Nicolette Frangipane', 'Halsey', 1994, 'www.halsey.com'),
(51, 'Nathan John Feuerstein', 'NF', 1991, 'www.nf.com'),
(52, 'Jermaine Lamarr Cole', 'J. Cole', 1985, 'www.jcole.com'),
(53, 'Dominique Armani Jones', 'Lil Baby', 1994, 'www.lilbaby.com'),
(54, 'Michael Lamar White IV', 'Trippie Redd', 1999, 'www.trippieredd.com'),
(55, 'Russell Vitale', 'Russ', 1992, 'www.russ.com'),
(56, 'Courtney Shanade Salter', 'Ari Lennox', 1991, 'www.arilennox.com'),
(57, 'Megan Jovon Ruth Pete', 'Megan Thee Stallion', 1995, 'www.megantheestallion.com'),
(58, 'Miles Parks McCollum', 'Lil Yachty', 1997, 'www.lilyachty.com'),
(59, 'Ella Marija Lani Yelich-O’Connor', 'Lorde', 1996, 'www.lorde.com'),
(60, 'Tyron Kaymone Frampton', 'slowthai', 1994, 'www.slowthai.com'),
(61, 'Noah Kahan', 'Noah Kahan', 1997, 'www.noahkahan.com'),
(62, 'Jason Thomas Mraz', 'Jason Mraz', 1977, 'www.jasonmraz.com'),
(63, 'Lesane Parish Crooks', '2Pac', 1971, 'www.2pac.com'),
(64, 'Adam Noah Levine', 'Adam Levine', 1979, 'www.adamlevine.com'),
(65, 'Benjamin Hammond Haggerty', 'Macklemore', 1983, 'www.macklemore.com'),
(66, 'James Edward Allen', 'Jimmie Allen', 1985, 'www.jimmieallen.com'),
(67, 'Karla Camila Cabello Estrabao', 'Camila Cabello', 1997, 'www.camilacabello.com'),
(68, 'Anderson Da Silva Paak', 'Anderson .Paak', 1986, 'www.andersonpaak.com'),
(69, 'Grace Martine Tandon', 'Daya', 1998, 'www.daya.com'),
(70, 'George Ezra Barnett', 'George Ezra', 1993, 'www.georgeezra.com'),
(71, 'Roderick Wayne Moore Jr.', 'Roddy Ricch', 1998, 'www.roddyricch.com'),
(72, 'Chloe Elizabeth Bailey', 'Chlöe', 1998, 'www.chlöe.com'),
(73, 'Rani Kaur', 'RANI', 1999, 'www.rani.com'),
(74, 'Aurora Aksnes', 'AURORA', 1996, 'www.aurora.com'),
(75, 'Declan Benedict McKenna', 'Declan McKenna', 1998, 'www.declanmckenna.com'),
(76, 'Brittany Howard', 'Brittany Howard', 1988, 'www.brittanyhoward.com'),
(77, 'Kali Uchis', 'Kali Uchis', 1994, 'www.kaliuchis.com'),
(78, 'Christopher Francis Ocean', 'Frank Ocean', 1987, 'www.frankocean.com'),
(79, 'Tinashe Jorgensen Kachingwe', 'Tinashe', 1993, 'www.tinashe.com'),
(80, 'Mitsuki Laycock', 'Mitski', 1990, 'www.mitski.com'),
(81, 'Tom Gregory', 'Tom Gregory', 1995, 'www.tomgregory.com'),
(82, 'Greta Kline', 'Frankie Cosmos', 1994, 'www.frankiecosmos.com'),
(83, 'Bartees Leon Cox Jr.', 'Bartees Strange', 1989, 'www.barteesstrange.com'),
(84, 'Yola Quartey', 'Yola', 1983, 'www.yola.com'),
(85, 'Annie Clark', 'St. Vincent', 1982, 'www.stvincent.com'),
(86, 'Phoebe Bridgers', 'Phoebe Bridgers', 1994, 'www.phoebebridgers.com'),
(87, 'Julien Rose Baker', 'Julien Baker', 1995, 'www.julienbaker.com'),
(88, 'Brittany Denise Parks', 'Sudan Archives', 1994, 'www.sudanarchives.com'),
(89, 'Tamino Moharam Fouad', 'Tamino', 1996, 'www.tamino.com'),
(90, 'Natalie Mering', 'Weyes Blood', 1988, 'www.weyesblood.com'),
(91, 'José Álvaro Osorio Balvín', 'J Balvin', 1985, 'www.jbalvin.com'),
(92, 'William Sami Étienne Grigahcine', 'DJ Snake', 1986, 'www.djsnake.com'),
(93, 'Isabela Yolanda Moner', 'Isabela Merced', 2001, 'www.isabelamerced.com'),
(94, 'Paul Van Haver', 'Stromae', 1985, 'www.stromae.com'),
(95, 'Tove Anna Gessler', 'Tove Lo', 1987, 'www.tovelo.com'),
(96, 'José Ángel López Martínez', 'Jay Wheeler', 1994, 'www.jaywheeler.com'),
(97, 'Eva Marisol Gutowski', 'Evamarie', 1994, 'www.evamarie.com'),
(98, 'Emmit Fenn', 'Emmit Fenn', 1995, 'www.emmitfenn.com'),
(99, 'Aurélie Hermansyah', 'Aurelie', 1998, 'www.aurelie.com'),
(100, 'Stefan Kendal Gordy', 'Redfoo', 1975, 'www.redfoo.com'),
(101, 'Miriam Makeba', 'Miriam Makeba', 1932, 'www.miriammakeba.com'),
(102, 'Ruth B', 'Ruth B', 1995, 'www.ruthb.com'),
(103, 'Lorde', 'Lorde', 1996, 'www.lorde.com'),
(104, 'Jonas Brothers', 'Jonas Brothers', 2005, 'www.jonasbrothers.com'),
(105, 'Joanna Newsom', 'Joanna Newsom', 1982, 'www.joannanewsom.com'),
(106, 'Seungri', 'Seungri', 1990, 'www.seungri.com'),
(107, 'Maxim Mikhaylovich Gorky', 'Maxim Gorky', 1987, 'www.maxim.com'),
(108, 'Idris Elba', 'Idris Elba', 1972, 'www.idriselba.com'),
(109, 'Teedra Moses', 'Teedra Moses', 1976, 'www.teedramoses.com'),
(110, 'Charlie Puth', 'Charlie Puth', 1991, 'www.charlieputh.com'),
(111, 'Lindsay Lohan', 'Lindsay Lohan', 1986, 'www.lindsaylohan.com'),
(112, 'Rico Nasty', 'Rico Nasty', 1997, 'www.riconasty.com'),
(113, 'Yves Tumor', 'Yves Tumor', 1990, 'www.yves-tumor.com'),
(114, 'serpentwithfeet', 'serpentwithfeet', 1988, 'www.serpentwithfeet.bandcamp.com'),
(115, 'Lido Pimienta', 'Lido Pimienta', 1986, 'www.lidopimienta.bandcamp.com'),
(116, 'Wizkid', 'Wizkid', 1990, 'www.wizkid.com'),
(117, 'Tove Styrke', 'Tove Styrke', 1992, 'www.tovestyrke.com'),
(118, 'Shawn Mendes', 'Shawn Mendes', 1998, 'www.shawnmendes.com'),
(119, 'Poppy', 'Poppy', 1995, 'www.poppy.com'),
(120, 'Bebe Rexha', 'Bebe Rexha', 1989, 'www.beberexha.com'),
(121, 'Kimberly Denise Jones', 'Lil’ Kim', 1974, 'www.lilkim.com'),
(122, 'Megan Nicole', 'Megan Nicole', 1993, 'www.megannicole.com'),
(123, 'Omarion Grandberry', 'Omarion', 1984, 'www.omarion.com'),
(124, 'Spellling', 'Spellling', 1991, 'www.spellling.bandcamp.com'),
(125, 'Jesse James Rutherford', 'The Neighbourhood', 1991, 'www.theneighbourhood.com'),
(126, 'Jahseh Dwayne Ricardo Onfroy', 'XXXTentacion', 1998, 'www.xxxtentacion.com'),
(127, 'Michael David Rosenberg', 'Passenger', 1984, 'www.passenger-music.com'),
(128, 'Sammy Pharaoh', 'Sammy Pharaoh', 1982, 'www.sammypharaoh.com'),
(129, 'Selena Marie Gomez', 'Selena Gomez', 1992, 'www.selenagomez.com'),
(130, 'Louis William Tomlinson', 'Louis Tomlinson', 1991, 'www.louistomlinson.com'), /*below are independent*/
(131, 'Arlo Parks', 'Arlo Parks', 2000, 'www.arloparksofficial.com'),
(132, 'Alice Merton', 'Alice Merton', 1993, 'www.alicemerton.com'),
(133, 'Tyler Joseph', 'Twenty One Pilots', 1988, 'www.twentyonepilots.com'),
(134, 'Victoria Monét', 'Victoria Monét', 1993, 'www.victoriamonet.com'),
(135, 'Jacob Anderson', 'Raleigh Ritchie', 1990, 'www.raleighritchie.com'),
(136, 'Brendon Urie', 'Panic! At The Disco', 1987, 'www.panicatthedisco.com'),
(137, 'Khalid Donnel Robinson', 'Khalid', 1998, 'www.khalid.com'),
(138, 'Ariana Grande-Butera', 'Ariana Grande', 1993, 'www.arianagrande.com'),
(139, 'Zayn Malik', 'Zayn', 1993, 'www.zayn.com'),
(140, 'Kesha Rose Sebert', 'Kesha', 1987, 'www.kesha.com'),
(141, 'Tirzah Mastin', 'Tirzah', 1988, 'www.tirzah.bandcamp.com'),
(142, 'Nina Simone', 'Nina Simone', 1933, 'www.ninasimone.com'),
(143, 'Cameron Jibril Thomaz', 'Wiz Khalifa', 1987, 'www.wizkhalifa.com'),
(144, 'Liam Payne', 'Liam Payne', 1993, 'www.liampayne.com'),
(145, 'Kylie Minogue', 'Kylie Minogue', 1968, 'www.kylie.com'),
(146, 'Justin Drew Bieber', 'Justin Bieber', 1994, 'www.justinbieber.com'),
(147, 'Shania Twain', 'Shania Twain', 1965, 'www.shaniatwain.com'),
(148, 'Slauson Malone', 'Slauson Malone 1', 1995, 'https://slausonmalone1.bandcamp.com'),
(149, 'Hugh Masekela', 'Hugh Masekela', 1939, 'www.hughmasakela.com'),
(150, 'John William Coltrane', 'John Coltrane', 1926, 'www.johncoltrane.com');

--create 30 bands and 20 one-man band dates of formation
INSERT INTO band_date_of_formation (band_date_of_formation_id, band_year_of_formation, band_month_of_formation, band_day_of_formation) VALUES
(1, 1993, 5, 12),
(2, 1997, 8, 25),
(3, 2001, 6, 30),
(4, 1999, 11, 17),
(5, 2003, 2, 14),
(6, 2007, 4, 22),
(7, 2011, 10, 3),
(8, 2000, 9, 8),
(9, 1995, 12, 9),
(10, 2008, 3, 27),
(11, 1996, 7, 15),
(12, 2014, 1, 25),
(13, 2004, 10, 18),
(14, 2010, 5, 2),
(15, 1994, 6, 22),
(16, 2009, 11, 5),
(17, 1998, 9, 30),
(18, 2002, 7, 19),
(19, 2016, 3, 10),
(20, 2018, 2, 23),
(21, 1992, 4, 7),
(22, 2013, 8, 13),
(23, 2005, 1, 16),
(24, 2006, 12, 3),
(25, 2017, 6, 21),
(26, 2015, 9, 11),
(27, 2001, 2, 5),
(28, 1999, 10, 11),
(29, 2007, 5, 27),
(30, 2000, 8, 17), /*under are independent artists, years of formation are birth years + 20*/
(31, 2008, 7, 21),
(32, 2013, 1, 15),
(33, 2008, 9, 4),
(34, 2013, 2, 18),
(35, 2010, 10, 6),
(36, 2007, 3, 11),
(37, 2018, 5, 23),
(38, 2013, 12, 9),
(39, 2013, 6, 27),
(40, 2007, 8, 3),
(41, 2003, 4, 14),
(42, 1953, 11, 7),
(43, 2007, 2, 19),
(44, 2013, 6, 2),
(45, 1988, 5, 30),
(46, 2014, 10, 1),
(47, 1985, 9, 12),
(48, 2009, 7, 5),
(49, 1959, 3, 22),
(50, 1946, 12, 16);


--create 30 bands and 20 one-man bands
INSERT INTO band (band_id, band_name, band_country, band_members, band_website, band_date_of_formation_id) VALUES
(1, 'Radiohead', 'United Kingdom', 3, 'www.radiohead.com', 1),
(2, 'Rammstein', 'Germany', 3, 'www.rammstein.com', 2),
(3, 'Coldplay', 'United Kingdom', 3, 'www.coldplay.com', 3),
(4, 'ABBA', 'Sweden', 3, 'www.abba.com', 4),
(5, 'Måneskin', 'Italy', 4, 'www.måneskin.com', 5),
(6, 'The Killers', 'United States', 4, 'www.thekillers.com', 6),
(7, 'Arcade Fire', 'Canada', 4, 'www.arcadefire.com', 7),
(8, 'Muse', 'United Kingdom', 4, 'www.muse.com', 8),
(9, 'Placebo', 'United Kingdom', 4, 'www.placebo.com', 9),
(10, 'Sigur Rós', 'Iceland', 5, 'www.sigurros.com', 10),
(11, 'Interpol', 'United States', 5, 'www.interpol.com', 11),
(12, 'Keane', 'United Kingdom', 5, 'www.keane.com', 12),
(13, 'Franz Ferdinand', 'United Kingdom', 5, 'www.franzferdinand.com', 13),
(14, 'The xx', 'United Kingdom', 5, 'www.thexx.com', 14),
(15, 'Phoenix', 'France', 5, 'www.phoenix.com', 15),
(16, 'Editors', 'United Kingdom', 5, 'www.editors.com', 16),
(17, 'Within Temptation', 'Netherlands', 5, 'www.withintemptation.com', 17),
(18, 'Nightwish', 'Finland', 6, 'www.nightwish.com', 18),
(19, 'Evanescence', 'United States', 6, 'www.evanescence.com', 19),
(20, 'Paramore', 'United States', 6, 'www.paramore.com', 20),
(21, 'The Cranberries', 'Ireland', 5, 'www.thecranberries.com', 21),
(22, 'Gojira', 'France', 5, 'www.gojira.com', 22),
(23, 'Opeth', 'Sweden', 5, 'www.opeth.com', 23),
(24, 'Amaranthe', 'Sweden', 6, 'www.amaranthe.com', 24),
(25, 'Bring Me The Horizon', 'United Kingdom', 6, 'www.bringmethehorizon.com', 25),
(26, 'The Hives', 'Sweden', 6, 'www.thehives.com', 26),
(27, 'Biffy Clyro', 'United Kingdom', 6, 'www.biffyclyro.com', 27),
(28, 'Ghost', 'Sweden', 7, 'www.ghost.com', 28),
(29, 'The 1975', 'United Kingdom', 7, 'www.the1975.com', 29),
(30, 'Kasabian', 'United Kingdom', 7, 'www.kasabian.com', 30), /*independent artists below*/
(31, 'Rihanna', 'Barbados', 1, 'www.rihanna.com', 31),
(32, 'Alice Merton', 'Germany', 1, 'www.alicemerton.com', 32),
(33, 'Blurry Signal', 'USA', 1, 'www.blurrysignal.com', 33),
(34, 'Victoria Monét', 'USA', 1, 'www.victoriamonet.com', 34),
(35, 'Jacob Anderson', 'United Kingdom', 1, 'www.jacobanderson.com', 35),
(36, 'Panic! At The Disco', 'USA', 1, 'www.panicatthedisco.com', 36),
(37, 'Khalid', 'USA', 1, 'www.khalid.com', 37),
(38, 'Ariana Grande', 'USA', 1, 'www.arianagrande.com', 38),
(39, 'Zayn', 'United Kingdom', 1, 'www.zayn.com', 39),
(40, 'Neon Howl', 'USA', 1, 'www.neonhowl.com', 40),
(41, 'Macklemore', 'USA', 1, 'www.macklemore.com', 41),
(42, 'Nina Simone', 'USA', 1, 'www.ninasimone.com', 42),
(43, 'Wiz Khalifa', 'USA', 1, 'www.wizkhalifa.com', 43),
(44, 'Liam Payne', 'United Kingdom', 1, 'www.liampayne.com', 44),
(45, 'Echo Mirage', 'Australia', 1, 'www.echomirage.com', 45),
(46, 'Justin Bieber', 'Canada', 1, 'www.justinbieber.com', 46),
(47, 'Shania Twain', 'Canada', 1, 'www.shaniatwain.com', 47),
(48, 'Taylor Swift', 'USA', 1, 'www.taylorswift.com', 48),
(49, 'Hugh Masekela', 'South Africa', 1, 'www.hughmasakela.com', 49),
(50, 'Coltrane Drive', 'USA', 1, 'www.coltranedrive.com', 50);

--connect the bands to the artists
INSERT INTO artist_band (artist_id, band_id) VALUES
(1, 1), (2, 1),
(3, 2), (4, 2),
(5, 3), (6, 3),
(7, 4), (8, 4),

(9, 5), (10, 5), (11, 5),
(12, 6), (13, 6), (14, 6),
(15, 7), (16, 7), (17, 7),
(18, 8), (19, 8), (20, 8),
(21, 9), (22, 9), (23, 9),

(24, 10), (25, 10), (26, 10), (27, 10),
(28, 11), (29, 11), (30, 11), (31, 11),
(32, 12), (33, 12), (34, 12), (35, 12),
(36, 13), (37, 13), (38, 13), (39, 13),
(40, 14), (41, 14), (42, 14), (43, 14),
(44, 15), (45, 15), (46, 15), (47, 15),
(48, 16), (49, 16), (50, 16), (51, 16),
(52, 17), (53, 17), (54, 17), (55, 17),

(56, 18), (57, 18), (58, 18), (59, 18), (60, 18),
(61, 19), (62, 19), (63, 19), (64, 19), (65, 19),
(66, 20), (67, 20), (68, 20), (69, 20), (70, 20),
(71, 21), (72, 21), (73, 21), (74, 21), (75, 21),
(76, 22), (77, 22), (78, 22), (79, 22), (80, 22),
(81, 23), (82, 23), (83, 23), (84, 23), (85, 23),

(86, 24), (87, 24), (88, 24), (89, 24), (90, 24), (91, 24),
(92, 25), (93, 25), (94, 25), (95, 25), (96, 25), (97, 25),
(98, 26), (99, 26), (100, 26), (101, 26), (102, 26), (103, 26),
(104, 27), (105, 27), (106, 27), (107, 27), (108, 27), (109, 27),

(110, 28), (111, 28), (112, 28), (113, 28), (114, 28), (115, 28), (116, 28),
(117, 29), (118, 29), (119, 29), (120, 29), (121, 29), (122, 29), (123, 29),
(124, 30), (125, 30), (126, 30), (127, 30), (128, 30), (129, 30), (130, 30),

(131, 31),
(132, 32),
(133, 33),
(134, 34),
(135, 35),
(136, 36),
(137, 37),
(138, 38),
(139, 39),
(140, 40),
(141, 41),
(142, 42),
(143, 43),
(144, 44),
(145, 45),
(146, 46),
(147, 47),
(148, 48),
(149, 49),
(150, 50),

(131, 1),-- Add independent artists 131–140 to bands 1–10
(132, 2),
(133, 3),
(134, 4),
(135, 5),
(136, 6),
(137, 7),
(138, 8),
(139, 9),
(140, 10),-- Add already-assigned artists 1–10 to new bands 11–20

(1, 11),
(2, 12),
(3, 13),
(4, 14),
(5, 15),
(6, 16),
(7, 17),
(8, 18),
(9, 19),
(10, 20);

--insert one social media account to each artist
INSERT INTO social_media_artist (social_media_artist_id,artist_id,social_media_name,social_media_url) VALUES
(1, 131, 'Instagram', 'www.instagram/arloparks.com'),
(2, 132, 'Instagram', 'www.instagram/alicemerton.com'),
(3, 133, 'Instagram', 'www.instagram/twentyonepilots.com'),
(4, 134, 'Instagram', 'www.instagram/victoriamonét.com'),
(5, 135, 'Instagram', 'www.instagram/raleighritchie.com'),
(6, 136, 'Instagram', 'www.instagram/panic!atthedisco.com'),
(7, 137, 'Instagram', 'www.instagram/khalid.com'),
(8, 138, 'Instagram', 'www.instagram/arianagrande.com'),
(9, 139, 'Instagram', 'www.instagram/zayn.com'),
(10, 140, 'Instagram', 'www.instagram/kesha.com'),
(11, 141, 'Instagram', 'www.instagram/tirzah.com'),
(12, 142, 'Instagram', 'www.instagram/ninasimone.com'),
(13, 143, 'Instagram', 'www.instagram/wizkhalifa.com'),
(14, 144, 'Instagram', 'www.instagram/liampayne.com'),
(15, 145, 'Facebook', 'www.facebook/kylieminogue.com'),
(16, 146, 'Facebook', 'www.facebook/justinbieber.com'),
(17, 147, 'Facebook', 'www.facebook/shaniatwain.com'),
(18, 148, 'Facebook', 'www.facebook/slausonmalone1.com'),
(19, 149, 'Tumblr', 'www.tumblr/hughmasekela.com'),
(20, 150, 'Tumblr', 'www.tumblr/johncoltrane.com'),
(21, 1, 'Instagram', 'www.instagram/jay-z.com'),
(22, 2, 'Instagram', 'www.instagram/drake.com'),
(23, 3, 'Instagram', 'www.instagram/rihanna.com'),
(24, 4, 'Instagram', 'www.instagram/taylorswift.com'),
(25, 5, 'Instagram', 'www.instagram/ladygaga.com'),
(26, 6, 'Instagram', 'www.instagram/eminem.com'),
(27, 7, 'Instagram', 'www.instagram/beyoncé.com'),
(28, 8, 'Instagram', 'www.instagram/kendricklamar.com'),
(29, 9, 'Instagram', 'www.instagram/oliviarodrigo.com'),
(30, 10, 'Instagram', 'www.instagram/billieeilish.com'),
(31, 11, 'Instagram', 'www.instagram/snoopdogg.com'),
(32, 12, 'Instagram', 'www.instagram/nickiminaj.com'),
(33, 13, 'Instagram', 'www.instagram/brunomars.com'),
(34, 14, 'Instagram', 'www.instagram/theweeknd.com'),
(35, 15, 'Instagram', 'www.instagram/katyperry.com'),
(36, 16, 'Instagram', 'www.instagram/adele.com'),
(37, 17, 'Instagram', 'www.instagram/harrystyles.com'),
(38, 18, 'Instagram', 'www.instagram/mileycyrus.com'),
(39, 19, 'Instagram', 'www.instagram/travisscott.com'),
(40, 20, 'Instagram', 'www.instagram/missyelliott.com'),
(41, 21, 'Instagram', 'www.instagram/50cent.com'),
(42, 22, 'Instagram', 'www.instagram/lanadelrey.com'),
(43, 23, 'Instagram', 'www.instagram/postmalone.com'),
(44, 24, 'Instagram', 'www.instagram/cardib.com'),
(45, 25, 'Instagram', 'www.instagram/jasonderulo.com'),
(46, 26, 'Instagram', 'www.instagram/dojacat.com'),
(47, 27, 'Instagram', 'www.instagram/aliciakeys.com'),
(48, 28, 'Instagram', 'www.instagram/johnlegend.com'),
(49, 29, 'Facebook', 'www.facebook/chrisbrown.com'),
(50, 30, 'Facebook', 'www.facebook/tinyharris.com'),
(51, 31, 'Facebook', 'www.facebook/jimin.com'),
(52, 32, 'Facebook', 'www.facebook/edsheeran.com'),
(53, 33, 'Facebook', 'www.facebook/pitbull.com'),
(54, 34, 'Facebook', 'www.facebook/luisfonsi.com'),
(55, 35, 'Facebook', 'www.facebook/shakira.com'),
(56, 36, 'Facebook', 'www.facebook/lilxan.com'),
(57, 37, 'Tumblr', 'www.tumblr/sza.com'),
(58, 38, 'Tumblr', 'www.tumblr/badbunny.com'),
(59, 39, 'Tumblr', 'www.tumblr/burnaboy.com'),
(60, 40, 'Tumblr', 'www.tumblr/charlixcx.com'),
(61, 41, 'Instagram', 'www.instagram/trevordaniel.com'),
(62, 42, 'Instagram', 'www.instagram/p!nk.com'),
(63, 43, 'Instagram', 'www.instagram/dababy.com'),
(64, 44, 'Instagram', 'www.instagram/fkatwigs.com'),
(65, 45, 'Instagram', 'www.instagram/tylerthecreator.com'),
(66, 46, 'Instagram', 'www.instagram/bretteldredge.com'),
(67, 47, 'Instagram', 'www.instagram/bob.com'),
(68, 48, 'Instagram', 'www.instagram/joshuabassett.com'),
(69, 49, 'Instagram', 'www.instagram/lilnasx.com'),
(70, 50, 'Instagram', 'www.instagram/halsey.com'),
(71, 51, 'Instagram', 'www.instagram/nf.com'),
(72, 52, 'Instagram', 'www.instagram/jcole.com'),
(73, 53, 'Instagram', 'www.instagram/lilbaby.com'),
(74, 54, 'Instagram', 'www.instagram/trippieredd.com'),
(75, 55, 'Instagram', 'www.instagram/russ.com'),
(76, 56, 'Instagram', 'www.instagram/arilennox.com'),
(77, 57, 'Instagram', 'www.instagram/megantheestallion.com'),
(78, 58, 'Instagram', 'www.instagram/lilyachty.com'),
(79, 59, 'Instagram', 'www.instagram/lorde.com'),
(80, 60, 'Instagram', 'www.instagram/slowthai.com'),
(81, 61, 'Instagram', 'www.instagram/noahkahan.com'),
(82, 62, 'Instagram', 'www.instagram/jasonmraz.com'),
(83, 63, 'Instagram', 'www.instagram/2pac.com'),
(84, 64, 'Instagram', 'www.instagram/adamlevine.com'),
(85, 65, 'Instagram', 'www.instagram/macklemore.com'),
(86, 66, 'Instagram', 'www.instagram/jimmieallen.com'),
(87, 67, 'Instagram', 'www.instagram/camilacabello.com'),
(88, 68, 'Instagram', 'www.instagram/anderson.paak.com'),
(89, 69, 'Facebook', 'www.facebook/daya.com'),
(90, 70, 'Facebook', 'www.facebook/georgeezra.com'),
(91, 71, 'Facebook', 'www.facebook/roddyricch.com'),
(92, 72, 'Facebook', 'www.facebook/chlöe.com'),
(93, 73, 'Facebook', 'www.facebook/rani.com'),
(94, 74, 'Facebook', 'www.facebook/aurora.com'),
(95, 75, 'Facebook', 'www.facebook/declanmckenna.com'),
(96, 76, 'Facebook', 'www.facebook/brittanyhoward.com'),
(97, 77, 'Tumblr', 'www.tumblr/kaliuchis.com'),
(98, 78, 'Tumblr', 'www.tumblr/frankocean.com'),
(99, 79, 'Tumblr', 'www.tumblr/tinashe.com'),
(100, 80, 'Tumblr', 'www.tumblr/mitski.com'),
(101, 81, 'Instagram', 'www.instagram/tomgregory.com'),
(102, 82, 'Instagram', 'www.instagram/frankiecosmos.com'),
(103, 83, 'Instagram', 'www.instagram/barteesstrange.com'),
(104, 84, 'Instagram', 'www.instagram/yola.com'),
(105, 85, 'Instagram', 'www.instagram/stvincent.com'),
(106, 86, 'Instagram', 'www.instagram/phoebebridgers.com'),
(107, 87, 'Instagram', 'www.instagram/julienbaker.com'),
(108, 88, 'Instagram', 'www.instagram/sudanarchives.com'),
(109, 89, 'Instagram', 'www.instagram/tamino.com'),
(110, 90, 'Instagram', 'www.instagram/weyesblood.com'),
(111, 91, 'Instagram', 'www.instagram/jbalvin.com'),
(112, 92, 'Instagram', 'www.instagram/djsnake.com'),
(113, 93, 'Instagram', 'www.instagram/isabelamerced.com'),
(114, 94, 'Instagram', 'www.instagram/stromae.com'),
(115, 95, 'Instagram', 'www.instagram/tovelo.com'),
(116, 96, 'Instagram', 'www.instagram/jaywheeler.com'),
(117, 97, 'Instagram', 'www.instagram/evamarie.com'),
(118, 98, 'Instagram', 'www.instagram/emmitfenn.com'),
(119, 99, 'Instagram', 'www.instagram/aurelie.com'),
(120, 100, 'Instagram', 'www.instagram/redfoo.com'),
(121, 101, 'Instagram', 'www.instagram/miriammakeba.com'),
(122, 102, 'Instagram', 'www.instagram/ruthb.com'),
(123, 103, 'Instagram', 'www.instagram/lorde.com'),
(124, 104, 'Instagram', 'www.instagram/jonasbrothers.com'),
(125, 105, 'Instagram', 'www.instagram/joannanewsom.com'),
(126, 106, 'Instagram', 'www.instagram/seungri.com'),
(127, 107, 'Instagram', 'www.instagram/maximgorky.com'),
(128, 108, 'Instagram', 'www.instagram/idriselba.com'),
(129, 109, 'Instagram', 'www.instagram/teedramoses.com'),
(130, 110, 'Instagram', 'www.instagram/charlieputh.com'),
(131, 111, 'Instagram', 'www.instagram/lindsaylohan.com'),
(132, 112, 'Instagram', 'www.instagram/riconasty.com'),
(133, 113, 'Instagram', 'www.instagram/yvestumor.com'),
(134, 114, 'Facebook', 'www.facebook/serpentwithfeet.bandcamp.com'),
(135, 115, 'Facebook', 'www.facebook/lidopimienta.bandcamp.com'),
(136, 116, 'Facebook', 'www.facebook/wizkid.com'),
(137, 117, 'Facebook', 'www.facebook/tovestyrke.com'),
(138, 118, 'Facebook', 'www.facebook/shawnmendes.com'),
(139, 119, 'Facebook', 'www.facebook/poppy.com'),
(140, 120, 'Facebook', 'www.facebook/beberexha.com'),
(141, 121, 'Facebook', 'www.facebook/lilkim.com'),
(142, 122, 'Facebook', 'www.facebook/megannicole.com'),
(143, 123, 'Facebook', 'www.facebook/omarion.com'),
(144, 124, 'Facebook', 'www.facebook/spellling.bandcamp.com'),
(145, 125, 'Facebook', 'www.facebook/theneighbourhood.com'),
(146, 126, 'Tumblr', 'www.tumblr/xxxtentacion.com'),
(147, 127, 'Tumblr', 'www.tumblr/passenger-music.com'),
(148, 128, 'Tumblr', 'www.tumblr/sammypharaoh.com'),
(149, 129, 'Tumblr', 'www.tumblr/selenagomez.com'),
(150, 130, 'Tumblr', 'www.tumblr/louistomlinson.com');


--insert one social media account to each band
INSERT INTO social_media_band (social_media_band_id, band_id, social_media_name, social_media_url) VALUES
(1, 1, 'Instagram', 'www.instagram/radiohead.com'),
(2, 2, 'Instagram', 'www.instagram/rammstein.com'),
(3, 3, 'Instagram', 'www.instagram/coldplay.com'),
(4, 4, 'Instagram', 'www.instagram/abba.com'),
(5, 5, 'Instagram', 'www.instagram/måneskin.com'),
(6, 6, 'Instagram', 'www.instagram/thekillers.com'),
(7, 7, 'Instagram', 'www.instagram/arcadefire.com'),
(8, 8, 'Instagram', 'www.instagram/muse.com'),
(9, 9, 'Instagram', 'www.instagram/placebo.com'),
(10, 10, 'Instagram', 'www.instagram/sigurros.com'),
(11, 11, 'Instagram', 'www.instagram/interpol.com'),
(12, 12, 'Instagram', 'www.instagram/keane.com'),
(13, 13, 'Instagram', 'www.instagram/franzferdinand.com'),
(14, 14, 'Instagram', 'www.instagram/thexx.com'),
(15, 15, 'Instagram', 'www.instagram/phoenix.com'),
(16, 16, 'Instagram', 'www.instagram/editors.com'),
(17, 17, 'Instagram', 'www.instagram/withintemptation.com'),
(18, 18, 'Facebook', 'www.facebook/nightwish.com'),
(19, 19, 'Facebook', 'www.facebook/evanescence.com'),
(20, 20, 'Facebook', 'www.facebook/paramore.com'),
(21, 21, 'Facebook', 'www.facebook/thecranberries.com'),
(22, 22, 'Facebook', 'www.facebook/gojira.com'),
(23, 23, 'Facebook', 'www.facebook/opeth.com'),
(24, 24, 'Tumblr', 'www.tumblr/amaranthe.com'),
(25, 25, 'Tumblr', 'www.tumblr/bringmethehorizon.com'),
(26, 26, 'Tumblr', 'www.tumblr/thehives.com'),
(27, 27, 'Tumblr', 'www.tumblr/biffyclyro.com'),
(28, 28, 'Instagram', 'www.instagram/ghost.com'),
(29, 29, 'Instagram', 'www.instagram/the1975.com'),
(30, 30, 'Instagram', 'www.instagram/kasabian.com');

--create 10 genres
INSERT INTO genre (genre_id,genre_name) VALUES
(1,"Rock"),
(2,"Pop"),
(3,"Hip Hop"),
(4,"EDM"),
(5,"Jazz"),
(6,"Country"),
(7,"R&B"),
(8,"Metal"),
(9,"Blues"),
(10,"Reggae");

--create 37 subgenres
INSERT INTO subgenre (subgenre_id, subgenre_name,genre_id) VALUES
(1, 'Classic Rock',1),
(2, 'Alternative Rock',1),
(3, 'Punk Rock',1),
(4, 'Progressive Rock',1),
(5, 'Indie Rock',1),
(6, 'Hard Rock',1),
(7, 'K-Pop',2),
(8, 'Indie Pop',2),
(9, 'Pop Rock',2),
(10, 'Pop Punk',2),
(11, 'Trap',3),
(12, 'Boom Bap',3),
(13, 'Lo-Fi Hip Hop',3),
(14, 'Drill',3),
(15, 'House',4),
(16, 'Techno',4),
(17, 'Dubstep',4),
(18, 'Trance',4),
(19, 'Bebop',5),
(20, 'Swing',5),
(21, 'Traditional Country',6),
(22, 'Country Pop',6),
(23, 'Country Rock',6),
(24, 'Soul',7),
(25, 'Funk',7),
(26, 'Dance R&B',7),
(27, 'Heavy Metal',8),
(28, 'Death Metal',8),
(29, 'Black Metal',8),
(30, 'Progressive Metal',8),
(31, 'Metalcore',8),
(32, 'Acoustic Blues',9),
(33, 'Country Blues',9),
(34, 'Rhythm and Blues',9),
(35, 'Blues Rock',9),
(36, 'Reggaeton',10),
(37, 'Dubstep Reggae',10);

--assign subgenres to bands
INSERT INTO band_subgenre (band_id, subgenre_id) VALUES
(1, 1),
(2, 2),
(3, 3),
(4, 4),
(5, 5),
(6, 6),
(7, 7),
(8, 8),
(9, 8),
(10, 9),
(11, 9),
(12, 10),
(13, 10),
(14, 10),
(15, 11),
(16, 11),
(17, 11),
(18, 12),
(19, 12),
(20, 12),
(21, 12),
(22, 13),
(23, 13),
(24, 14),
(25, 14),
(26, 15),
(27, 15),
(28, 16),
(29, 16),
(30, 17),
(31, 17),
(32, 18),
(33, 18),
(34, 19),
(35, 19),
(36, 19),
(37, 19),
(38, 19),
(39, 20),
(40, 20),
(41, 20),
(42, 20),
(43, 20),
(44, 21),
(45, 21),
(46, 21),
(47, 21),
(48, 21),
(49, 22),
(50, 22),/*apo katw*/
(1, 13),
(2, 14),
(3, 15),
(4, 16),
(5, 17),
(6, 18),
(7, 19),
(8, 20),
(9, 21),
(10, 21),
(11, 21),
(12, 22),
(13, 22),
(14, 23),
(15, 24),
(16, 25),
(17, 26),
(18, 27),
(19, 28),
(20, 29),
(21, 30),/*apo katw*/
(22, 1),
(23, 1),
(24, 1),
(25, 1),
(26, 2),
(27, 2),
(28, 2),
(29, 3),
(30, 3),
(31, 4),
(32, 5),
(33, 6),
(34, 7),
(35, 8),
(36, 8),
(37, 8),
(38, 9),
(39, 9),
(40, 10),/*apo katw 5 bands paizoun 3 subgenres*/
(1, 31),
(2, 32),
(3, 33),
(4, 34),
(5, 35);

--create 38 stages with stage capacities from 15 to 30
INSERT INTO stage (stage_id, stage_name, stage_capacity, festival_location_id) VALUES
(1, 'Odeon of Herodes Atticus', 28, 3),
(2, 'Technopolis Gazi', 22, 3),
(3, 'Stavros Niarchos Foundation Cultural Center (SNFCC)', 26, 3),
(4, 'Lycabettus Theater', 30, 4),
(5, 'Gazarte', 19, 4),
(6, 'Fuzz Club', 24, 5),
(7, 'Piraeus Academy 117', 21, 5),
(8, 'Kyttaro Live', 20, 5),
(9, 'Principal Club Theater', 29, 6),
(10, 'Mylos Club', 17, 6),
(11, 'Block 33', 27, 6),
(12, 'Half Note Jazz Club', 25, 6),
(13, 'Six d.o.g.s', 16, 6),
(14, 'Gagarin 205 Live Music Space', 18, 7),
(15, 'Megaron Athens Concert Hall', 30, 7),
(16, 'Nicosia Municipal Theatre', 23, 7),
(17, 'Pattihio Municipal Theatre', 19, 7),
(18, 'Kourion Ancient Amphitheatre', 28, 8),
(19, 'Markideio Theatre', 15, 8),
(20, 'Downtown Live', 24, 8),
(21, 'NCPA (National Centre for the Performing Arts)', 30, 8),
(22, 'Mehboob Studio', 21, 8),
(23, 'Shanmukhananda Hall', 18, 9),
(24, 'Prithvi Theatre', 16, 9),
(25, 'Jawaharlal Nehru Stadium', 30, 10),
(26, 'Kamani Auditorium', 22, 10),
(27, 'Indira Gandhi Indoor Stadium', 30, 10),
(28, 'Bangalore Palace Grounds', 29, 11),
(29, 'Hard Rock Cafe', 17, 11),
(30, 'G.S.P', 23, 11),
(31, 'G.S.O', 24, 12),
(32, 'G.S.Z', 18, 12),
(33, 'Alphamega Stadium', 20, 12),
(34, 'Etihad Stadium' , 18, 1),
(35, 'Emirates Stadium' , 21, 1),
(36, 'Wembley Stadium' , 24, 1),
(37, 'Allianz Arena' , 22, 2),
(38, 'Kallimarmaro' , 19, 2);

--create 50 events
INSERT INTO event (event_id,event_name,festival_year,stage_id,festival_day,event_start,event_end) VALUES
(1, "Medieval" , 2016 ,34 , 1 ,100 , 1300),                /* 2016 */
(2, "Renaissance" , 2016 ,34 , 2 , 150, 1200),
(3, "Baroque" , 2016 ,35 , 3 , 50, 1300),
(4, "Classical" , 2016 ,36 , 4 , 100, 1300),

(5, "Romantic" , 2017 , 37 , 1 , 1000, 1300),               /* 2017 */
(6, "Impressionist" , 2017 , 37 , 2 , 150, 1200),
(7, "20th Century" , 2017 , 38 ,3 , 50 , 1300),
(8, "Contemporary/Postmodern" , 2017 , 38 , 4 , 100, 1320),

(9 ,"Paleolithic Era" , 2018 ,1 ,1,300 , 600),           /* 2018 */
(10 ,"Neolithic Era" , 2018 ,2 ,1,650 ,800), 
(11 ,"Bronze Age" , 2018 ,3 ,2, 900 , 1000),

(12 ,"Iron Age" , 2019 ,4 ,1, 100 , 300),                    /* 2019 */
(13 ,"Sumerian Period" , 2019 ,4 ,2, 350 , 500),
(14 ,"Old Kingdom (Egypt)" , 2019 ,5 ,2, 550 , 700),
(15 ,"Middle Kingdom (Egypt)" , 2019 ,5 ,3, 750 , 850),
(16 ,"New Kingdom (Egypt)" , 2019 ,5 ,3, 900, 1000),

(17 ,"Mycenaean Period (Greece)" , 2020 ,6 ,1, 300 , 500),  /* 2020 */
(18 ,"Vedic Period (India)" , 2020 ,7 ,2, 600 , 800),
(19 ,"Classical Greece" , 2020 ,8 ,3, 900, 1100),

(20 ,"Hellenistic Period" , 2021 ,9 ,1, 100 , 400),      /* 2021 */
(21 ,"Roman Republic" , 2021 ,10 ,1, 450 , 700),
(22 ,"Roman Empire" , 2021 ,11 ,2, 750, 900),
(23 ,"Maurya Empire (India)" , 2021 ,12 ,2, 950 ,1100),
(24 ,"Gupta Empire (India)" , 2021 ,13 ,3, 1150 , 1300),

(25 ,"Han Dynasty (China)" , 2022 ,14 ,1, 10 ,250),     /* 2022 */
(26 ,"Achaemenid Empire (Persia)" , 2022 ,15 ,1, 300, 500),
(27 ,"Qin Dynasty (China)" , 2022 ,16 ,2, 550, 900),
(28 ,"High Middle Ages" , 2022 ,17 ,2, 950, 1300),

(29 ,"Late Middle Ages" , 2023 ,18 ,1 ,100 , 350),       /* 2023 */
(30 ,"Byzantine Empire Era" , 2023 ,19 , 1,400 , 650),
(31 ,"Islamic Golden Age" , 2023 ,20 , 2, 700, 900),
(32 ,"Heian Period (Japan)" , 2023 ,21 , 2, 950, 1000),
(33 ,"Mayan Classic Period" , 2023 ,22 , 3, 1050, 1400),

(34 ,"Viking Age" , 2024 ,23 , 1,50 , 300),              /* 2024 */
(35 ,"Carolingian Renaissance" , 2024 ,23 , 2, 350, 600),
(36 ,"Chola Dynasty (India)" , 2024 ,23 , 3, 650, 900),
(37 ,"Reformation" , 2024 ,24 , 4, 950, 1100),
(38 ,"Age of Discovery" , 2024 ,24 , 5, 1150, 1400),

(39 ,"Ming Dynasty (China)" , 2025 ,25 , 1,100 ,350),   /* 2025 */
(40 ,"Mughal Empire (India)" , 2025 ,25 , 2,400, 650),
(41 ,"Scientific Revolution" , 2025 ,26 , 3,700, 900),
(42 ,"Enlightenment" , 2025 ,26 , 4,950, 1100),
(43 ,"Victorian Era (UK)" , 2025 ,27 , 1, 1130 , 1250),
(44 ,"Meiji Era (Japan)" , 2025 ,27 , 2, 1300, 1430),

(45 ,"World War I Era" , 2026 ,28 , 1, 100 , 500),   /* 2026 */
(46 ,"Interwar Period" , 2026 ,29 , 1, 550, 900),
(47 ,"World War II Era" , 2026 ,30 , 1, 950 , 1400),

(48 ,"Cold War Era" , 2027 ,31 , 1,100 , 500),   /* 2027 */
(49 ,"Postcolonial Era" , 2027 ,32 , 3,600 , 900),
(50 ,"Anthropocene" , 2027 ,33 , 5, 950, 1400);


--create 106 performances
CALL insert_performance_break(1, 350 , 500 , 1 , 1 ,350);
CALL insert_performance_break(2, 750 , 900 , 1 , 12 , 400);
CALL insert_performance_break(3, 1100 , 1250 , 1 , 39 , 1000);

CALL insert_performance_break(1, 380 , 500 , 2 , 40 ,450);
CALL insert_performance_break(2, 650 , 800 , 2 , 12 , 400);
CALL insert_performance_break(3, 1080 , 1150 , 2 , 39 , 600);

CALL insert_performance_break(1, 100 , 250 , 3 , 40 ,800);
CALL insert_performance_break(2, 450 , 600 , 3 , 1 , 400);
CALL insert_performance_break(4, 820 , 1000 , 3 , 15 , 458);

CALL insert_performance_break(1, 500 , 600 , 4 , 40 ,350);
CALL insert_performance_break(3, 700 , 830 , 4 , 17 , 1000);
CALL insert_performance_break(4, 860 , 1000 , 4 , 18 , 500);

CALL insert_performance_break(1, 1000 , 1050 , 5 , 19 ,610);
CALL insert_performance_break(2, 1080 , 1120 , 5 , 24 , 400);
CALL insert_performance_break(3, 1170 , 1250 , 5 , 21 , 740);

CALL insert_performance_break(2, 150 , 200 , 6 , 22 ,1020);
CALL insert_performance_break(2, 600 , 700 , 6 , 23 , 700);
CALL insert_performance_break(2, 950 , 1050 , 6 , 24 , 350);

CALL insert_performance_break(3, 300 , 472 , 7 , 25 ,350);
CALL insert_performance_break(2, 690 , 850 , 7 , 26 , 400);
CALL insert_performance_break(3, 890 , 1010 , 7 , 27 , 1000);

CALL insert_performance_break(1, 400 , 500 , 8 , 28 , 700);
CALL insert_performance_break(3, 650 , 750 , 8 , 29 , 1105);
CALL insert_performance_break(4, 790 , 890 , 8 , 30 , 700);

CALL insert_performance_break(1, 300, 400, 9, 1, 600);   -- Radiohead (Band 1)
CALL insert_performance_break(2, 410, 500, 9, 2, 600);   -- Rammstein (Band 2)
CALL insert_performance_break(3, 510, 550, 9, 3, 600);   -- Coldplay (Band 3)

CALL insert_performance_break(1, 650, 740, 10, 4, 900);   -- ABBA (Band 4)
CALL insert_performance_break(3, 770, 795, 10, 5, 300);   -- Måneskin (Band 5)

CALL insert_performance_break(2, 900, 950, 11, 6, 1200);  -- The Killers (Band 6)
CALL insert_performance_break(3, 970, 990, 11, 7, 600);  -- Arcade Fire (Band 7)

CALL insert_performance_break(1, 100, 220, 12, 8, 330);   -- Muse (Band 8)
CALL insert_performance_break(3, 230, 290, 12, 9, 400);   -- Placebo (Band 9)

CALL insert_performance_break(3, 350, 440, 13, 10, 1500); -- Sigur Rós (Band 10)
CALL insert_performance_break(2, 465, 480, 13, 11, 350);  -- Interpol (Band 11)

CALL insert_performance_break(1, 550, 640, 14, 12, 900);  -- Keane (Band 12)
CALL insert_performance_break(3, 655, 680, 14, 13, 300);  -- Franz Ferdinand (Band 13)

CALL insert_performance_break(3, 750, 840, 15, 14, 400); -- The xx (Band 14)

CALL insert_performance_break(1, 900, 960, 16, 15, 600);  -- Phoenix (Band 15)
CALL insert_performance_break(2, 970, 980, 16, 16, 900); -- Editors (Band 16)

CALL insert_performance_break(2, 300, 420, 17, 17, 600);  -- Within Temptation (Band 17)
CALL insert_performance_break(3, 450, 490, 17, 18, 330);  -- Nightwish (Band 18)

CALL insert_performance_break(1, 600, 720, 18, 19, 500); -- Evanescence (Band 19)
CALL insert_performance_break(2, 730, 760, 18, 20, 600);  -- Paramore (Band 20)

CALL insert_performance_break(3, 900, 1040, 19, 21, 550); -- The Cranberries (Band 21)
CALL insert_performance_break(3, 1060, 1080, 19, 22, 300);-- Gojira (Band 22)

CALL insert_performance_break(1, 100, 220, 20, 23, 600); -- Opeth (Band 23)
CALL insert_performance_break(2, 240, 380, 20, 24, 450); -- Amaranthe (Band 24)

CALL insert_performance_break(3, 450, 600, 21, 25, 1200);-- Bring Me The Horizon (Band 25)

CALL insert_performance_break(1, 750, 870, 22, 26, 600); -- The Hives (Band 26)
CALL insert_performance_break(3, 880, 890, 22, 27, 300); -- Biffy Clyro (Band 27)

CALL insert_performance_break(2, 950, 1000, 23, 28, 500);-- Ghost (Band 28)
CALL insert_performance_break(3, 1010, 1080, 23, 29, 480);-- The 1975 (Band 29)

CALL insert_performance_break(2, 1150, 1280, 24, 30, 600);-- Kasabian (Band 30)

-- Han Dynasty (Event 17)
CALL insert_performance_break(1, 10, 150, 25, 31, 600);  -- Rihanna
CALL insert_performance_break(2, 160, 240, 25, 32, 400); -- Alice Merton

-- Achaemenid Empire (Event 18)
CALL insert_performance_break(3, 300, 420, 26, 33, 700);-- Blurry Signal

-- Qin Dynasty (Event 19)
CALL insert_performance_break(1, 550, 650, 27, 35, 1600); -- Jacob Anderson
CALL insert_performance_break(2, 680, 790, 27, 36, 600); -- Panic! At The Disco

-- High Middle Ages (Event 20)
CALL insert_performance_break(3, 950, 1000,28, 38, 600);-- Ariana Grande

CALL insert_performance_break(4, 1030, 1100, 28, 37, 1200);-- Khalid


-- Late Middle Ages (Event 21)
CALL insert_performance_break(2, 100, 240, 29, 40, 600); -- Neon Howl 

-- Byzantine Empire (Event 22)
CALL insert_performance_break(3, 400, 550, 30, 41, 1200);-- Macklemore
CALL insert_performance_break(2, 570, 640, 30, 42, 600); -- Nina Simone

-- Islamic Golden Age (Event 23)
CALL insert_performance_break(1, 700, 820, 31, 43, 900); -- Wiz Khalifa
CALL insert_performance_break(2, 835, 890, 31, 44, 600);-- Liam Payne

-- Heian Period (Event 24)
CALL insert_performance_break(3, 950, 995, 32, 45, 300);-- Echo Mirage

-- Mayan Classic Period (Event 25)
CALL insert_performance_break(1, 1050, 1150, 33, 46, 600);-- Justin Bieber
CALL insert_performance_break(3, 1170, 1300, 33, 47, 900);-- Shania Twain

-- Viking Age (Event 26)
CALL insert_performance_break(2, 50, 150, 34, 48, 900);  -- Taylor Swift
CALL insert_performance_break(3, 170, 290, 34, 49, 600); -- Hugh Masekela

-- Carolingian Renaissance (Event 27)
CALL insert_performance_break(1, 350, 500, 35, 50, 1200);-- Coltrane Drive
CALL insert_performance_break(4, 520, 590, 35, 2, 600);  -- Radiohead (reappearance)

-- Chola Dynasty (Event 28)
CALL insert_performance_break(2, 650, 750, 36, 1, 900);  -- Rammstein (reappearance)
CALL insert_performance_break(3, 810, 890, 36, 3, 600);  -- Coldplay (reappearance)

-- Reformation (Event 29)
CALL insert_performance_break(3, 1060, 1090, 37, 5, 300);-- Måneskin (reappearance)

-- Age of Discovery (Event 30)
CALL insert_performance_break(2, 1150, 1250, 38, 6, 600);-- The Killers (reappearance)
CALL insert_performance_break(3, 1270, 1390, 38, 7, 300);-- Arcade Fire (reappearance)

-- Ming Dynasty (Event 31)
CALL insert_performance_break(2, 800, 880, 27, 10, 500);  -- Placebo (reappearance)
CALL insert_performance_break(3, 260, 330, 39, 8, 600);  -- Muse (reappearance)

-- Mughal Empire (Event 32)
CALL insert_performance_break(2, 1320, 1390, 33, 9, 600);
CALL insert_performance_break(1, 400, 530, 40, 8, 700);-- Placebo (reappearance)
CALL insert_performance_break(3, 560, 640, 40, 11, 600);-- Interpol (reappearance)

-- Scientific Revolution (Event 33)
CALL insert_performance_break(1, 700, 820, 41, 8, 900);-- Placebo (reappearance)
CALL insert_performance_break(3, 840, 890, 41, 12, 300);-- Franz Ferdinand (reappearance)

-- Enlightenment (Event 34)
CALL insert_performance_break(1, 950, 1020, 42, 8, 600);-- Placebo (reappearance)
CALL insert_performance_break(3, 1040, 1090, 42, 15, 300);-- Phoenix (reappearance)

-- Victorian Era (Event 35)
CALL insert_performance_break(4, 1130, 1230, 43, 16, 600);-- Editors (reappearance)

-- Meiji Era (Event 36)
CALL insert_performance_break(1, 1300, 1390, 44, 8, 600);-- Placebo (reappearance)

-- World War I Era (Event 37)
CALL insert_performance_break(1, 100, 250, 45, 18, 900);-- Nightwish (reappearance)
CALL insert_performance_break(3, 265, 400, 45, 19, 1200);-- Evanescence (reappearance)
CALL insert_performance_break(4, 420, 490, 45, 20, 600);-- Paramore (reappearance)

-- Interwar Period (Event 38)
CALL insert_performance_break(1, 550, 700, 46, 18, 900);-- Nightwish (reappearance)
CALL insert_performance_break(3, 720, 790, 46, 22, 300);-- Gojira (reappearance)

-- World War II Era (Event 39)
CALL insert_performance_break(1, 950, 1050, 47, 18, 900);-- Nightwish (reappearance)
CALL insert_performance_break(3, 1070, 1200, 47, 24, 1800);-- Amaranthe (reappearance)

-- Cold War Era (Event 40)
CALL insert_performance_break(1, 100, 250, 48, 25, 900);-- Bring Me The Horizon (reappearance)
CALL insert_performance_break(2, 270, 400, 48, 26, 1200);-- The Hives (reappearance)
CALL insert_performance_break(3, 430, 490, 48, 27, 600);-- Biffy Clyro (reappearance)

-- Postcolonial Era (Event 41)
CALL insert_performance_break(2, 600, 700, 49, 28, 900);-- Ghost (reappearance)
CALL insert_performance_break(4, 715, 810, 49, 29, 1200);-- The 1975 (reappearance)

-- Anthropocene (Event 42)
CALL insert_performance_break(2, 950, 1100, 50, 30, 900);-- Kasabian (reappearance)
CALL insert_performance_break(2, 1120, 1200, 50, 31, 1800);-- Rihanna (reappearance)

CALL insert_performance_break(4, 820, 890, 46, 5, 600);-- Gojira (reappearance) 800 mexri 900

CALL insert_performance_break(4, 1230, 1370, 47, 19, 600);-- Amaranthe (reappearance) mexri 1400

CALL insert_performance_break(4, 1250, 1370, 50, 3, 800);-- Rihanna (reappearance) mexri 1400


--insert 300 Speakers, 600 Lights, 210 Microphones, 100 Consoles and 130 Special Effects
INSERT INTO technical_equipment (technical_equipment_id, equipment_name) VALUES
(1, "Speakers"),
(2, "Speakers"),
(3, "Speakers"),
(4, "Speakers"),
(5, "Speakers"),
(6, "Speakers"),
(7, "Speakers"),
(8, "Speakers"),
(9, "Speakers"),
(10, "Speakers"),
(11, "Speakers"),
(12, "Speakers"),
(13, "Speakers"),
(14, "Speakers"),
(15, "Speakers"),
(16, "Speakers"),
(17, "Speakers"),
(18, "Speakers"),
(19, "Speakers"),
(20, "Speakers"),
(21, "Speakers"),
(22, "Speakers"),
(23, "Speakers"),
(24, "Speakers"),
(25, "Speakers"),
(26, "Speakers"),
(27, "Speakers"),
(28, "Speakers"),
(29, "Speakers"),
(30, "Speakers"),
(31, "Speakers"),
(32, "Speakers"),
(33, "Speakers"),
(34, "Speakers"),
(35, "Speakers"),
(36, "Speakers"),
(37, "Speakers"),
(38, "Speakers"),
(39, "Speakers"),
(40, "Speakers"),
(41, "Speakers"),
(42, "Speakers"),
(43, "Speakers"),
(44, "Speakers"),
(45, "Speakers"),
(46, "Speakers"),
(47, "Speakers"),
(48, "Speakers"),
(49, "Speakers"),
(50, "Speakers"),
(51, "Speakers"),
(52, "Speakers"),
(53, "Speakers"),
(54, "Speakers"),
(55, "Speakers"),
(56, "Speakers"),
(57, "Speakers"),
(58, "Speakers"),
(59, "Speakers"),
(60, "Speakers"),
(61, "Speakers"),
(62, "Speakers"),
(63, "Speakers"),
(64, "Speakers"),
(65, "Speakers"),
(66, "Speakers"),
(67, "Speakers"),
(68, "Speakers"),
(69, "Speakers"),
(70, "Speakers"),
(71, "Speakers"),
(72, "Speakers"),
(73, "Speakers"),
(74, "Speakers"),
(75, "Speakers"),
(76, "Speakers"),
(77, "Speakers"),
(78, "Speakers"),
(79, "Speakers"),
(80, "Speakers"),
(81, "Speakers"),
(82, "Speakers"),
(83, "Speakers"),
(84, "Speakers"),
(85, "Speakers"),
(86, "Speakers"),
(87, "Speakers"),
(88, "Speakers"),
(89, "Speakers"),
(90, "Speakers"),
(91, "Speakers"),
(92, "Speakers"),
(93, "Speakers"),
(94, "Speakers"),
(95, "Speakers"),
(96, "Speakers"),
(97, "Speakers"),
(98, "Speakers"),
(99, "Speakers"),
(100, "Speakers"),
(101, "Speakers"),
(102, "Speakers"),
(103, "Speakers"),
(104, "Speakers"),
(105, "Speakers"),
(106, "Speakers"),
(107, "Speakers"),
(108, "Speakers"),
(109, "Speakers"),
(110, "Speakers"),
(111, "Speakers"),
(112, "Speakers"),
(113, "Speakers"),
(114, "Speakers"),
(115, "Speakers"),
(116, "Speakers"),
(117, "Speakers"),
(118, "Speakers"),
(119, "Speakers"),
(120, "Speakers"),
(121, "Speakers"),
(122, "Speakers"),
(123, "Speakers"),
(124, "Speakers"),
(125, "Speakers"),
(126, "Speakers"),
(127, "Speakers"),
(128, "Speakers"),
(129, "Speakers"),
(130, "Speakers"),
(131, "Speakers"),
(132, "Speakers"),
(133, "Speakers"),
(134, "Speakers"),
(135, "Speakers"),
(136, "Speakers"),
(137, "Speakers"),
(138, "Speakers"),
(139, "Speakers"),
(140, "Speakers"),
(141, "Speakers"),
(142, "Speakers"),
(143, "Speakers"),
(144, "Speakers"),
(145, "Speakers"),
(146, "Speakers"),
(147, "Speakers"),
(148, "Speakers"),
(149, "Speakers"),
(150, "Speakers"),
(151, "Speakers"),
(152, "Speakers"),
(153, "Speakers"),
(154, "Speakers"),
(155, "Speakers"),
(156, "Speakers"),
(157, "Speakers"),
(158, "Speakers"),
(159, "Speakers"),
(160, "Speakers"),
(161, "Speakers"),
(162, "Speakers"),
(163, "Speakers"),
(164, "Speakers"),
(165, "Speakers"),
(166, "Speakers"),
(167, "Speakers"),
(168, "Speakers"),
(169, "Speakers"),
(170, "Speakers"),
(171, "Speakers"),
(172, "Speakers"),
(173, "Speakers"),
(174, "Speakers"),
(175, "Speakers"),
(176, "Speakers"),
(177, "Speakers"),
(178, "Speakers"),
(179, "Speakers"),
(180, "Speakers"),
(181, "Speakers"),
(182, "Speakers"),
(183, "Speakers"),
(184, "Speakers"),
(185, "Speakers"),
(186, "Speakers"),
(187, "Speakers"),
(188, "Speakers"),
(189, "Speakers"),
(190, "Speakers"),
(191, "Speakers"),
(192, "Speakers"),
(193, "Speakers"),
(194, "Speakers"),
(195, "Speakers"),
(196, "Speakers"),
(197, "Speakers"),
(198, "Speakers"),
(199, "Speakers"),
(200, "Speakers"),
(201, "Speakers"),
(202, "Speakers"),
(203, "Speakers"),
(204, "Speakers"),
(205, "Speakers"),
(206, "Speakers"),
(207, "Speakers"),
(208, "Speakers"),
(209, "Speakers"),
(210, "Speakers"),
(211, "Speakers"),
(212, "Speakers"),
(213, "Speakers"),
(214, "Speakers"),
(215, "Speakers"),
(216, "Speakers"),
(217, "Speakers"),
(218, "Speakers"),
(219, "Speakers"),
(220, "Speakers"),
(221, "Speakers"),
(222, "Speakers"),
(223, "Speakers"),
(224, "Speakers"),
(225, "Speakers"),
(226, "Speakers"),
(227, "Speakers"),
(228, "Speakers"),
(229, "Speakers"),
(230, "Speakers"),
(231, "Speakers"),
(232, "Speakers"),
(233, "Speakers"),
(234, "Speakers"),
(235, "Speakers"),
(236, "Speakers"),
(237, "Speakers"),
(238, "Speakers"),
(239, "Speakers"),
(240, "Speakers"),
(241, "Speakers"),
(242, "Speakers"),
(243, "Speakers"),
(244, "Speakers"),
(245, "Speakers"),
(246, "Speakers"),
(247, "Speakers"),
(248, "Speakers"),
(249, "Speakers"),
(250, "Speakers"),
(251, "Speakers"),
(252, "Speakers"),
(253, "Speakers"),
(254, "Speakers"),
(255, "Speakers"),
(256, "Speakers"),
(257, "Speakers"),
(258, "Speakers"),
(259, "Speakers"),
(260, "Speakers"),
(261, "Speakers"),
(262, "Speakers"),
(263, "Speakers"),
(264, "Speakers"),
(265, "Speakers"),
(266, "Speakers"),
(267, "Speakers"),
(268, "Speakers"),
(269, "Speakers"),
(270, "Speakers"),
(271, "Speakers"),
(272, "Speakers"),
(273, "Speakers"),
(274, "Speakers"),
(275, "Speakers"),
(276, "Speakers"),
(277, "Speakers"),
(278, "Speakers"),
(279, "Speakers"),
(280, "Speakers"),
(281, "Speakers"),
(282, "Speakers"),
(283, "Speakers"),
(284, "Speakers"),
(285, "Speakers"),
(286, "Speakers"),
(287, "Speakers"),
(288, "Speakers"),
(289, "Speakers"),
(290, "Speakers"),
(291, "Speakers"),
(292, "Speakers"),
(293, "Speakers"),
(294, "Speakers"),
(295, "Speakers"),
(296, "Speakers"),
(297, "Speakers"),
(298, "Speakers"),
(299, "Speakers"),
(300, "Speakers"),
(301, "Lights"),
(302, "Lights"),
(303, "Lights"),
(304, "Lights"),
(305, "Lights"),
(306, "Lights"),
(307, "Lights"),
(308, "Lights"),
(309, "Lights"),
(310, "Lights"),
(311, "Lights"),
(312, "Lights"),
(313, "Lights"),
(314, "Lights"),
(315, "Lights"),
(316, "Lights"),
(317, "Lights"),
(318, "Lights"),
(319, "Lights"),
(320, "Lights"),
(321, "Lights"),
(322, "Lights"),
(323, "Lights"),
(324, "Lights"),
(325, "Lights"),
(326, "Lights"),
(327, "Lights"),
(328, "Lights"),
(329, "Lights"),
(330, "Lights"),
(331, "Lights"),
(332, "Lights"),
(333, "Lights"),
(334, "Lights"),
(335, "Lights"),
(336, "Lights"),
(337, "Lights"),
(338, "Lights"),
(339, "Lights"),
(340, "Lights"),
(341, "Lights"),
(342, "Lights"),
(343, "Lights"),
(344, "Lights"),
(345, "Lights"),
(346, "Lights"),
(347, "Lights"),
(348, "Lights"),
(349, "Lights"),
(350, "Lights"),
(351, "Lights"),
(352, "Lights"),
(353, "Lights"),
(354, "Lights"),
(355, "Lights"),
(356, "Lights"),
(357, "Lights"),
(358, "Lights"),
(359, "Lights"),
(360, "Lights"),
(361, "Lights"),
(362, "Lights"),
(363, "Lights"),
(364, "Lights"),
(365, "Lights"),
(366, "Lights"),
(367, "Lights"),
(368, "Lights"),
(369, "Lights"),
(370, "Lights"),
(371, "Lights"),
(372, "Lights"),
(373, "Lights"),
(374, "Lights"),
(375, "Lights"),
(376, "Lights"),
(377, "Lights"),
(378, "Lights"),
(379, "Lights"),
(380, "Lights"),
(381, "Lights"),
(382, "Lights"),
(383, "Lights"),
(384, "Lights"),
(385, "Lights"),
(386, "Lights"),
(387, "Lights"),
(388, "Lights"),
(389, "Lights"),
(390, "Lights"),
(391, "Lights"),
(392, "Lights"),
(393, "Lights"),
(394, "Lights"),
(395, "Lights"),
(396, "Lights"),
(397, "Lights"),
(398, "Lights"),
(399, "Lights"),
(400, "Lights"),
(401, "Lights"),
(402, "Lights"),
(403, "Lights"),
(404, "Lights"),
(405, "Lights"),
(406, "Lights"),
(407, "Lights"),
(408, "Lights"),
(409, "Lights"),
(410, "Lights"),
(411, "Lights"),
(412, "Lights"),
(413, "Lights"),
(414, "Lights"),
(415, "Lights"),
(416, "Lights"),
(417, "Lights"),
(418, "Lights"),
(419, "Lights"),
(420, "Lights"),
(421, "Lights"),
(422, "Lights"),
(423, "Lights"),
(424, "Lights"),
(425, "Lights"),
(426, "Lights"),
(427, "Lights"),
(428, "Lights"),
(429, "Lights"),
(430, "Lights"),
(431, "Lights"),
(432, "Lights"),
(433, "Lights"),
(434, "Lights"),
(435, "Lights"),
(436, "Lights"),
(437, "Lights"),
(438, "Lights"),
(439, "Lights"),
(440, "Lights"),
(441, "Lights"),
(442, "Lights"),
(443, "Lights"),
(444, "Lights"),
(445, "Lights"),
(446, "Lights"),
(447, "Lights"),
(448, "Lights"),
(449, "Lights"),
(450, "Lights"),
(451, "Lights"),
(452, "Lights"),
(453, "Lights"),
(454, "Lights"),
(455, "Lights"),
(456, "Lights"),
(457, "Lights"),
(458, "Lights"),
(459, "Lights"),
(460, "Lights"),
(461, "Lights"),
(462, "Lights"),
(463, "Lights"),
(464, "Lights"),
(465, "Lights"),
(466, "Lights"),
(467, "Lights"),
(468, "Lights"),
(469, "Lights"),
(470, "Lights"),
(471, "Lights"),
(472, "Lights"),
(473, "Lights"),
(474, "Lights"),
(475, "Lights"),
(476, "Lights"),
(477, "Lights"),
(478, "Lights"),
(479, "Lights"),
(480, "Lights"),
(481, "Lights"),
(482, "Lights"),
(483, "Lights"),
(484, "Lights"),
(485, "Lights"),
(486, "Lights"),
(487, "Lights"),
(488, "Lights"),
(489, "Lights"),
(490, "Lights"),
(491, "Lights"),
(492, "Lights"),
(493, "Lights"),
(494, "Lights"),
(495, "Lights"),
(496, "Lights"),
(497, "Lights"),
(498, "Lights"),
(499, "Lights"),
(500, "Lights"),
(501, "Lights"),
(502, "Lights"),
(503, "Lights"),
(504, "Lights"),
(505, "Lights"),
(506, "Lights"),
(507, "Lights"),
(508, "Lights"),
(509, "Lights"),
(510, "Lights"),
(511, "Lights"),
(512, "Lights"),
(513, "Lights"),
(514, "Lights"),
(515, "Lights"),
(516, "Lights"),
(517, "Lights"),
(518, "Lights"),
(519, "Lights"),
(520, "Lights"),
(521, "Lights"),
(522, "Lights"),
(523, "Lights"),
(524, "Lights"),
(525, "Lights"),
(526, "Lights"),
(527, "Lights"),
(528, "Lights"),
(529, "Lights"),
(530, "Lights"),
(531, "Lights"),
(532, "Lights"),
(533, "Lights"),
(534, "Lights"),
(535, "Lights"),
(536, "Lights"),
(537, "Lights"),
(538, "Lights"),
(539, "Lights"),
(540, "Lights"),
(541, "Lights"),
(542, "Lights"),
(543, "Lights"),
(544, "Lights"),
(545, "Lights"),
(546, "Lights"),
(547, "Lights"),
(548, "Lights"),
(549, "Lights"),
(550, "Lights"),
(551, "Lights"),
(552, "Lights"),
(553, "Lights"),
(554, "Lights"),
(555, "Lights"),
(556, "Lights"),
(557, "Lights"),
(558, "Lights"),
(559, "Lights"),
(560, "Lights"),
(561, "Lights"),
(562, "Lights"),
(563, "Lights"),
(564, "Lights"),
(565, "Lights"),
(566, "Lights"),
(567, "Lights"),
(568, "Lights"),
(569, "Lights"),
(570, "Lights"),
(571, "Lights"),
(572, "Lights"),
(573, "Lights"),
(574, "Lights"),
(575, "Lights"),
(576, "Lights"),
(577, "Lights"),
(578, "Lights"),
(579, "Lights"),
(580, "Lights"),
(581, "Lights"),
(582, "Lights"),
(583, "Lights"),
(584, "Lights"),
(585, "Lights"),
(586, "Lights"),
(587, "Lights"),
(588, "Lights"),
(589, "Lights"),
(590, "Lights"),
(591, "Lights"),
(592, "Lights"),
(593, "Lights"),
(594, "Lights"),
(595, "Lights"),
(596, "Lights"),
(597, "Lights"),
(598, "Lights"),
(599, "Lights"),
(600, "Lights"),
(601, "Lights"),
(602, "Lights"),
(603, "Lights"),
(604, "Lights"),
(605, "Lights"),
(606, "Lights"),
(607, "Lights"),
(608, "Lights"),
(609, "Lights"),
(610, "Lights"),
(611, "Lights"),
(612, "Lights"),
(613, "Lights"),
(614, "Lights"),
(615, "Lights"),
(616, "Lights"),
(617, "Lights"),
(618, "Lights"),
(619, "Lights"),
(620, "Lights"),
(621, "Lights"),
(622, "Lights"),
(623, "Lights"),
(624, "Lights"),
(625, "Lights"),
(626, "Lights"),
(627, "Lights"),
(628, "Lights"),
(629, "Lights"),
(630, "Lights"),
(631, "Lights"),
(632, "Lights"),
(633, "Lights"),
(634, "Lights"),
(635, "Lights"),
(636, "Lights"),
(637, "Lights"),
(638, "Lights"),
(639, "Lights"),
(640, "Lights"),
(641, "Lights"),
(642, "Lights"),
(643, "Lights"),
(644, "Lights"),
(645, "Lights"),
(646, "Lights"),
(647, "Lights"),
(648, "Lights"),
(649, "Lights"),
(650, "Lights"),
(651, "Lights"),
(652, "Lights"),
(653, "Lights"),
(654, "Lights"),
(655, "Lights"),
(656, "Lights"),
(657, "Lights"),
(658, "Lights"),
(659, "Lights"),
(660, "Lights"),
(661, "Lights"),
(662, "Lights"),
(663, "Lights"),
(664, "Lights"),
(665, "Lights"),
(666, "Lights"),
(667, "Lights"),
(668, "Lights"),
(669, "Lights"),
(670, "Lights"),
(671, "Lights"),
(672, "Lights"),
(673, "Lights"),
(674, "Lights"),
(675, "Lights"),
(676, "Lights"),
(677, "Lights"),
(678, "Lights"),
(679, "Lights"),
(680, "Lights"),
(681, "Lights"),
(682, "Lights"),
(683, "Lights"),
(684, "Lights"),
(685, "Lights"),
(686, "Lights"),
(687, "Lights"),
(688, "Lights"),
(689, "Lights"),
(690, "Lights"),
(691, "Lights"),
(692, "Lights"),
(693, "Lights"),
(694, "Lights"),
(695, "Lights"),
(696, "Lights"),
(697, "Lights"),
(698, "Lights"),
(699, "Lights"),
(700, "Lights"),
(701, "Lights"),
(702, "Lights"),
(703, "Lights"),
(704, "Lights"),
(705, "Lights"),
(706, "Lights"),
(707, "Lights"),
(708, "Lights"),
(709, "Lights"),
(710, "Lights"),
(711, "Lights"),
(712, "Lights"),
(713, "Lights"),
(714, "Lights"),
(715, "Lights"),
(716, "Lights"),
(717, "Lights"),
(718, "Lights"),
(719, "Lights"),
(720, "Lights"),
(721, "Lights"),
(722, "Lights"),
(723, "Lights"),
(724, "Lights"),
(725, "Lights"),
(726, "Lights"),
(727, "Lights"),
(728, "Lights"),
(729, "Lights"),
(730, "Lights"),
(731, "Lights"),
(732, "Lights"),
(733, "Lights"),
(734, "Lights"),
(735, "Lights"),
(736, "Lights"),
(737, "Lights"),
(738, "Lights"),
(739, "Lights"),
(740, "Lights"),
(741, "Lights"),
(742, "Lights"),
(743, "Lights"),
(744, "Lights"),
(745, "Lights"),
(746, "Lights"),
(747, "Lights"),
(748, "Lights"),
(749, "Lights"),
(750, "Lights"),
(751, "Lights"),
(752, "Lights"),
(753, "Lights"),
(754, "Lights"),
(755, "Lights"),
(756, "Lights"),
(757, "Lights"),
(758, "Lights"),
(759, "Lights"),
(760, "Lights"),
(761, "Lights"),
(762, "Lights"),
(763, "Lights"),
(764, "Lights"),
(765, "Lights"),
(766, "Lights"),
(767, "Lights"),
(768, "Lights"),
(769, "Lights"),
(770, "Lights"),
(771, "Lights"),
(772, "Lights"),
(773, "Lights"),
(774, "Lights"),
(775, "Lights"),
(776, "Lights"),
(777, "Lights"),
(778, "Lights"),
(779, "Lights"),
(780, "Lights"),
(781, "Lights"),
(782, "Lights"),
(783, "Lights"),
(784, "Lights"),
(785, "Lights"),
(786, "Lights"),
(787, "Lights"),
(788, "Lights"),
(789, "Lights"),
(790, "Lights"),
(791, "Lights"),
(792, "Lights"),
(793, "Lights"),
(794, "Lights"),
(795, "Lights"),
(796, "Lights"),
(797, "Lights"),
(798, "Lights"),
(799, "Lights"),
(800, "Lights"),
(801, "Lights"),
(802, "Lights"),
(803, "Lights"),
(804, "Lights"),
(805, "Lights"),
(806, "Lights"),
(807, "Lights"),
(808, "Lights"),
(809, "Lights"),
(810, "Lights"),
(811, "Lights"),
(812, "Lights"),
(813, "Lights"),
(814, "Lights"),
(815, "Lights"),
(816, "Lights"),
(817, "Lights"),
(818, "Lights"),
(819, "Lights"),
(820, "Lights"),
(821, "Lights"),
(822, "Lights"),
(823, "Lights"),
(824, "Lights"),
(825, "Lights"),
(826, "Lights"),
(827, "Lights"),
(828, "Lights"),
(829, "Lights"),
(830, "Lights"),
(831, "Lights"),
(832, "Lights"),
(833, "Lights"),
(834, "Lights"),
(835, "Lights"),
(836, "Lights"),
(837, "Lights"),
(838, "Lights"),
(839, "Lights"),
(840, "Lights"),
(841, "Lights"),
(842, "Lights"),
(843, "Lights"),
(844, "Lights"),
(845, "Lights"),
(846, "Lights"),
(847, "Lights"),
(848, "Lights"),
(849, "Lights"),
(850, "Lights"),
(851, "Lights"),
(852, "Lights"),
(853, "Lights"),
(854, "Lights"),
(855, "Lights"),
(856, "Lights"),
(857, "Lights"),
(858, "Lights"),
(859, "Lights"),
(860, "Lights"),
(861, "Lights"),
(862, "Lights"),
(863, "Lights"),
(864, "Lights"),
(865, "Lights"),
(866, "Lights"),
(867, "Lights"),
(868, "Lights"),
(869, "Lights"),
(870, "Lights"),
(871, "Lights"),
(872, "Lights"),
(873, "Lights"),
(874, "Lights"),
(875, "Lights"),
(876, "Lights"),
(877, "Lights"),
(878, "Lights"),
(879, "Lights"),
(880, "Lights"),
(881, "Lights"),
(882, "Lights"),
(883, "Lights"),
(884, "Lights"),
(885, "Lights"),
(886, "Lights"),
(887, "Lights"),
(888, "Lights"),
(889, "Lights"),
(890, "Lights"),
(891, "Lights"),
(892, "Lights"),
(893, "Lights"),
(894, "Lights"),
(895, "Lights"),
(896, "Lights"),
(897, "Lights"),
(898, "Lights"),
(899, "Lights"),
(900, "Lights"),
(901, "Microphones"),
(902, "Microphones"),
(903, "Microphones"),
(904, "Microphones"),
(905, "Microphones"),
(906, "Microphones"),
(907, "Microphones"),
(908, "Microphones"),
(909, "Microphones"),
(910, "Microphones"),
(911, "Microphones"),
(912, "Microphones"),
(913, "Microphones"),
(914, "Microphones"),
(915, "Microphones"),
(916, "Microphones"),
(917, "Microphones"),
(918, "Microphones"),
(919, "Microphones"),
(920, "Microphones"),
(921, "Microphones"),
(922, "Microphones"),
(923, "Microphones"),
(924, "Microphones"),
(925, "Microphones"),
(926, "Microphones"),
(927, "Microphones"),
(928, "Microphones"),
(929, "Microphones"),
(930, "Microphones"),
(931, "Microphones"),
(932, "Microphones"),
(933, "Microphones"),
(934, "Microphones"),
(935, "Microphones"),
(936, "Microphones"),
(937, "Microphones"),
(938, "Microphones"),
(939, "Microphones"),
(940, "Microphones"),
(941, "Microphones"),
(942, "Microphones"),
(943, "Microphones"),
(944, "Microphones"),
(945, "Microphones"),
(946, "Microphones"),
(947, "Microphones"),
(948, "Microphones"),
(949, "Microphones"),
(950, "Microphones"),
(951, "Microphones"),
(952, "Microphones"),
(953, "Microphones"),
(954, "Microphones"),
(955, "Microphones"),
(956, "Microphones"),
(957, "Microphones"),
(958, "Microphones"),
(959, "Microphones"),
(960, "Microphones"),
(961, "Microphones"),
(962, "Microphones"),
(963, "Microphones"),
(964, "Microphones"),
(965, "Microphones"),
(966, "Microphones"),
(967, "Microphones"),
(968, "Microphones"),
(969, "Microphones"),
(970, "Microphones"),
(971, "Microphones"),
(972, "Microphones"),
(973, "Microphones"),
(974, "Microphones"),
(975, "Microphones"),
(976, "Microphones"),
(977, "Microphones"),
(978, "Microphones"),
(979, "Microphones"),
(980, "Microphones"),
(981, "Microphones"),
(982, "Microphones"),
(983, "Microphones"),
(984, "Microphones"),
(985, "Microphones"),
(986, "Microphones"),
(987, "Microphones"),
(988, "Microphones"),
(989, "Microphones"),
(990, "Microphones"),
(991, "Microphones"),
(992, "Microphones"),
(993, "Microphones"),
(994, "Microphones"),
(995, "Microphones"),
(996, "Microphones"),
(997, "Microphones"),
(998, "Microphones"),
(999, "Microphones"),
(1000, "Microphones"),
(1001, "Microphones"),
(1002, "Microphones"),
(1003, "Microphones"),
(1004, "Microphones"),
(1005, "Microphones"),
(1006, "Microphones"),
(1007, "Microphones"),
(1008, "Microphones"),
(1009, "Microphones"),
(1010, "Microphones"),
(1011, "Microphones"),
(1012, "Microphones"),
(1013, "Microphones"),
(1014, "Microphones"),
(1015, "Microphones"),
(1016, "Microphones"),
(1017, "Microphones"),
(1018, "Microphones"),
(1019, "Microphones"),
(1020, "Microphones"),
(1021, "Microphones"),
(1022, "Microphones"),
(1023, "Microphones"),
(1024, "Microphones"),
(1025, "Microphones"),
(1026, "Microphones"),
(1027, "Microphones"),
(1028, "Microphones"),
(1029, "Microphones"),
(1030, "Microphones"),
(1031, "Microphones"),
(1032, "Microphones"),
(1033, "Microphones"),
(1034, "Microphones"),
(1035, "Microphones"),
(1036, "Microphones"),
(1037, "Microphones"),
(1038, "Microphones"),
(1039, "Microphones"),
(1040, "Microphones"),
(1041, "Microphones"),
(1042, "Microphones"),
(1043, "Microphones"),
(1044, "Microphones"),
(1045, "Microphones"),
(1046, "Microphones"),
(1047, "Microphones"),
(1048, "Microphones"),
(1049, "Microphones"),
(1050, "Microphones"),
(1051, "Microphones"),
(1052, "Microphones"),
(1053, "Microphones"),
(1054, "Microphones"),
(1055, "Microphones"),
(1056, "Microphones"),
(1057, "Microphones"),
(1058, "Microphones"),
(1059, "Microphones"),
(1060, "Microphones"),
(1061, "Microphones"),
(1062, "Microphones"),
(1063, "Microphones"),
(1064, "Microphones"),
(1065, "Microphones"),
(1066, "Microphones"),
(1067, "Microphones"),
(1068, "Microphones"),
(1069, "Microphones"),
(1070, "Microphones"),
(1071, "Microphones"),
(1072, "Microphones"),
(1073, "Microphones"),
(1074, "Microphones"),
(1075, "Microphones"),
(1076, "Microphones"),
(1077, "Microphones"),
(1078, "Microphones"),
(1079, "Microphones"),
(1080, "Microphones"),
(1081, "Microphones"),
(1082, "Microphones"),
(1083, "Microphones"),
(1084, "Microphones"),
(1085, "Microphones"),
(1086, "Microphones"),
(1087, "Microphones"),
(1088, "Microphones"),
(1089, "Microphones"),
(1090, "Microphones"),
(1091, "Microphones"),
(1092, "Microphones"),
(1093, "Microphones"),
(1094, "Microphones"),
(1095, "Microphones"),
(1096, "Microphones"),
(1097, "Microphones"),
(1098, "Microphones"),
(1099, "Microphones"),
(1100, "Microphones"),
(1101, "Microphones"),
(1102, "Microphones"),
(1103, "Microphones"),
(1104, "Microphones"),
(1105, "Microphones"),
(1106, "Microphones"),
(1107, "Microphones"),
(1108, "Microphones"),
(1109, "Microphones"),
(1110, "Microphones"),
(1111, "Consoles"),
(1112, "Consoles"),
(1113, "Consoles"),
(1114, "Consoles"),
(1115, "Consoles"),
(1116, "Consoles"),
(1117, "Consoles"),
(1118, "Consoles"),
(1119, "Consoles"),
(1120, "Consoles"),
(1121, "Consoles"),
(1122, "Consoles"),
(1123, "Consoles"),
(1124, "Consoles"),
(1125, "Consoles"),
(1126, "Consoles"),
(1127, "Consoles"),
(1128, "Consoles"),
(1129, "Consoles"),
(1130, "Consoles"),
(1131, "Consoles"),
(1132, "Consoles"),
(1133, "Consoles"),
(1134, "Consoles"),
(1135, "Consoles"),
(1136, "Consoles"),
(1137, "Consoles"),
(1138, "Consoles"),
(1139, "Consoles"),
(1140, "Consoles"),
(1141, "Consoles"),
(1142, "Consoles"),
(1143, "Consoles"),
(1144, "Consoles"),
(1145, "Consoles"),
(1146, "Consoles"),
(1147, "Consoles"),
(1148, "Consoles"),
(1149, "Consoles"),
(1150, "Consoles"),
(1151, "Consoles"),
(1152, "Consoles"),
(1153, "Consoles"),
(1154, "Consoles"),
(1155, "Consoles"),
(1156, "Consoles"),
(1157, "Consoles"),
(1158, "Consoles"),
(1159, "Consoles"),
(1160, "Consoles"),
(1161, "Consoles"),
(1162, "Consoles"),
(1163, "Consoles"),
(1164, "Consoles"),
(1165, "Consoles"),
(1166, "Consoles"),
(1167, "Consoles"),
(1168, "Consoles"),
(1169, "Consoles"),
(1170, "Consoles"),
(1171, "Consoles"),
(1172, "Consoles"),
(1173, "Consoles"),
(1174, "Consoles"),
(1175, "Consoles"),
(1176, "Consoles"),
(1177, "Consoles"),
(1178, "Consoles"),
(1179, "Consoles"),
(1180, "Consoles"),
(1181, "Consoles"),
(1182, "Consoles"),
(1183, "Consoles"),
(1184, "Consoles"),
(1185, "Consoles"),
(1186, "Consoles"),
(1187, "Consoles"),
(1188, "Consoles"),
(1189, "Consoles"),
(1190, "Consoles"),
(1191, "Consoles"),
(1192, "Consoles"),
(1193, "Consoles"),
(1194, "Consoles"),
(1195, "Consoles"),
(1196, "Consoles"),
(1197, "Consoles"),
(1198, "Consoles"),
(1199, "Consoles"),
(1200, "Consoles"),
(1201, "Consoles"),
(1202, "Consoles"),
(1203, "Consoles"),
(1204, "Consoles"),
(1205, "Consoles"),
(1206, "Consoles"),
(1207, "Consoles"),
(1208, "Consoles"),
(1209, "Consoles"),
(1210, "Consoles"),
(1211, "Special Effects"),
(1212, "Special Effects"),
(1213, "Special Effects"),
(1214, "Special Effects"),
(1215, "Special Effects"),
(1216, "Special Effects"),
(1217, "Special Effects"),
(1218, "Special Effects"),
(1219, "Special Effects"),
(1220, "Special Effects"),
(1221, "Special Effects"),
(1222, "Special Effects"),
(1223, "Special Effects"),
(1224, "Special Effects"),
(1225, "Special Effects"),
(1226, "Special Effects"),
(1227, "Special Effects"),
(1228, "Special Effects"),
(1229, "Special Effects"),
(1230, "Special Effects"),
(1231, "Special Effects"),
(1232, "Special Effects"),
(1233, "Special Effects"),
(1234, "Special Effects"),
(1235, "Special Effects"),
(1236, "Special Effects"),
(1237, "Special Effects"),
(1238, "Special Effects"),
(1239, "Special Effects"),
(1240, "Special Effects"),
(1241, "Special Effects"),
(1242, "Special Effects"),
(1243, "Special Effects"),
(1244, "Special Effects"),
(1245, "Special Effects"),
(1246, "Special Effects"),
(1247, "Special Effects"),
(1248, "Special Effects"),
(1249, "Special Effects"),
(1250, "Special Effects"),
(1251, "Special Effects"),
(1252, "Special Effects"),
(1253, "Special Effects"),
(1254, "Special Effects"),
(1255, "Special Effects"),
(1256, "Special Effects"),
(1257, "Special Effects"),
(1258, "Special Effects"),
(1259, "Special Effects"),
(1260, "Special Effects"),
(1261, "Special Effects"),
(1262, "Special Effects"),
(1263, "Special Effects"),
(1264, "Special Effects"),
(1265, "Special Effects"),
(1266, "Special Effects"),
(1267, "Special Effects"),
(1268, "Special Effects"),
(1269, "Special Effects"),
(1270, "Special Effects"),
(1271, "Special Effects"),
(1272, "Special Effects"),
(1273, "Special Effects"),
(1274, "Special Effects"),
(1275, "Special Effects"),
(1276, "Special Effects"),
(1277, "Special Effects"),
(1278, "Special Effects"),
(1279, "Special Effects"),
(1280, "Special Effects"),
(1281, "Special Effects"),
(1282, "Special Effects"),
(1283, "Special Effects"),
(1284, "Special Effects"),
(1285, "Special Effects"),
(1286, "Special Effects"),
(1287, "Special Effects"),
(1288, "Special Effects"),
(1289, "Special Effects"),
(1290, "Special Effects"),
(1291, "Special Effects"),
(1292, "Special Effects"),
(1293, "Special Effects"),
(1294, "Special Effects"),
(1295, "Special Effects"),
(1296, "Special Effects"),
(1297, "Special Effects"),
(1298, "Special Effects"),
(1299, "Special Effects"),
(1300, "Special Effects"),
(1301, "Special Effects"),
(1302, "Special Effects"),
(1303, "Special Effects"),
(1304, "Special Effects"),
(1305, "Special Effects"),
(1306, "Special Effects"),
(1307, "Special Effects"),
(1308, "Special Effects"),
(1309, "Special Effects"),
(1310, "Special Effects"),
(1311, "Special Effects"),
(1312, "Special Effects"),
(1313, "Special Effects"),
(1314, "Special Effects"),
(1315, "Special Effects"),
(1316, "Special Effects"),
(1317, "Special Effects"),
(1318, "Special Effects"),
(1319, "Special Effects"),
(1320, "Special Effects"),
(1321, "Special Effects"),
(1322, "Special Effects"),
(1323, "Special Effects"),
(1324, "Special Effects"),
(1325, "Special Effects"),
(1326, "Special Effects"),
(1327, "Special Effects"),
(1328, "Special Effects"),
(1329, "Special Effects"),
(1330, "Special Effects"),
(1331, "Special Effects"),
(1332, "Special Effects"),
(1333, "Special Effects"),
(1334, "Special Effects"),
(1335, "Special Effects"),
(1336, "Special Effects"),
(1337, "Special Effects"),
(1338, "Special Effects"),
(1339, "Special Effects"),
(1340, "Special Effects");

--assign: 7 speakers, 15 lights, 5 microphones, 2 consoles and 3 special effects to every stage
--unused: 34 speakers, 30 lights, 20 microphones, 24 consoles and 16 special effects.
INSERT INTO stage_technical_equipment (stage_id, technical_equipment_id) VALUES
(1, 1),
(1, 2),
(1, 3),
(1, 4),
(1, 5),
(1, 6),
(1, 7),
(1, 301),
(1, 302),
(1, 303),
(1, 304),
(1, 305),
(1, 306),
(1, 307),
(1, 308),
(1, 309),
(1, 310),
(1, 311),
(1, 312),
(1, 313),
(1, 314),
(1, 315),
(1, 901),
(1, 902),
(1, 903),
(1, 904),
(1, 905),
(1, 1111),
(1, 1112),
(1, 1211),
(1, 1212),
(1, 1213),
(2, 8),
(2, 9),
(2, 10),
(2, 11),
(2, 12),
(2, 13),
(2, 14),
(2, 316),
(2, 317),
(2, 318),
(2, 319),
(2, 320),
(2, 321),
(2, 322),
(2, 323),
(2, 324),
(2, 325),
(2, 326),
(2, 327),
(2, 328),
(2, 329),
(2, 330),
(2, 906),
(2, 907),
(2, 908),
(2, 909),
(2, 910),
(2, 1113),
(2, 1114),
(2, 1214),
(2, 1215),
(2, 1216),
(3, 15),
(3, 16),
(3, 17),
(3, 18),
(3, 19),
(3, 20),
(3, 21),
(3, 331),
(3, 332),
(3, 333),
(3, 334),
(3, 335),
(3, 336),
(3, 337),
(3, 338),
(3, 339),
(3, 340),
(3, 341),
(3, 342),
(3, 343),
(3, 344),
(3, 345),
(3, 911),
(3, 912),
(3, 913),
(3, 914),
(3, 915),
(3, 1115),
(3, 1116),
(3, 1217),
(3, 1218),
(3, 1219),
(4, 22),
(4, 23),
(4, 24),
(4, 25),
(4, 26),
(4, 27),
(4, 28),
(4, 346),
(4, 347),
(4, 348),
(4, 349),
(4, 350),
(4, 351),
(4, 352),
(4, 353),
(4, 354),
(4, 355),
(4, 356),
(4, 357),
(4, 358),
(4, 359),
(4, 360),
(4, 916),
(4, 917),
(4, 918),
(4, 919),
(4, 920),
(4, 1117),
(4, 1118),
(4, 1220),
(4, 1221),
(4, 1222),
(5, 29),
(5, 30),
(5, 31),
(5, 32),
(5, 33),
(5, 34),
(5, 35),
(5, 361),
(5, 362),
(5, 363),
(5, 364),
(5, 365),
(5, 366),
(5, 367),
(5, 368),
(5, 369),
(5, 370),
(5, 371),
(5, 372),
(5, 373),
(5, 374),
(5, 375),
(5, 921),
(5, 922),
(5, 923),
(5, 924),
(5, 925),
(5, 1119),
(5, 1120),
(5, 1223),
(5, 1224),
(5, 1225),
(6, 36),
(6, 37),
(6, 38),
(6, 39),
(6, 40),
(6, 41),
(6, 42),
(6, 376),
(6, 377),
(6, 378),
(6, 379),
(6, 380),
(6, 381),
(6, 382),
(6, 383),
(6, 384),
(6, 385),
(6, 386),
(6, 387),
(6, 388),
(6, 389),
(6, 390),
(6, 926),
(6, 927),
(6, 928),
(6, 929),
(6, 930),
(6, 1121),
(6, 1122),
(6, 1226),
(6, 1227),
(6, 1228),
(7, 43),
(7, 44),
(7, 45),
(7, 46),
(7, 47),
(7, 48),
(7, 49),
(7, 391),
(7, 392),
(7, 393),
(7, 394),
(7, 395),
(7, 396),
(7, 397),
(7, 398),
(7, 399),
(7, 400),
(7, 401),
(7, 402),
(7, 403),
(7, 404),
(7, 405),
(7, 931),
(7, 932),
(7, 933),
(7, 934),
(7, 935),
(7, 1123),
(7, 1124),
(7, 1229),
(7, 1230),
(7, 1231),
(8, 50),
(8, 51),
(8, 52),
(8, 53),
(8, 54),
(8, 55),
(8, 56),
(8, 406),
(8, 407),
(8, 408),
(8, 409),
(8, 410),
(8, 411),
(8, 412),
(8, 413),
(8, 414),
(8, 415),
(8, 416),
(8, 417),
(8, 418),
(8, 419),
(8, 420),
(8, 936),
(8, 937),
(8, 938),
(8, 939),
(8, 940),
(8, 1125),
(8, 1126),
(8, 1232),
(8, 1233),
(8, 1234),
(9, 57),
(9, 58),
(9, 59),
(9, 60),
(9, 61),
(9, 62),
(9, 63),
(9, 421),
(9, 422),
(9, 423),
(9, 424),
(9, 425),
(9, 426),
(9, 427),
(9, 428),
(9, 429),
(9, 430),
(9, 431),
(9, 432),
(9, 433),
(9, 434),
(9, 435),
(9, 941),
(9, 942),
(9, 943),
(9, 944),
(9, 945),
(9, 1127),
(9, 1128),
(9, 1235),
(9, 1236),
(9, 1237),
(10, 64),
(10, 65),
(10, 66),
(10, 67),
(10, 68),
(10, 69),
(10, 70),
(10, 436),
(10, 437),
(10, 438),
(10, 439),
(10, 440),
(10, 441),
(10, 442),
(10, 443),
(10, 444),
(10, 445),
(10, 446),
(10, 447),
(10, 448),
(10, 449),
(10, 450),
(10, 946),
(10, 947),
(10, 948),
(10, 949),
(10, 950),
(10, 1129),
(10, 1130),
(10, 1238),
(10, 1239),
(10, 1240),
(11, 71),
(11, 72),
(11, 73),
(11, 74),
(11, 75),
(11, 76),
(11, 77),
(11, 451),
(11, 452),
(11, 453),
(11, 454),
(11, 455),
(11, 456),
(11, 457),
(11, 458),
(11, 459),
(11, 460),
(11, 461),
(11, 462),
(11, 463),
(11, 464),
(11, 465),
(11, 951),
(11, 952),
(11, 953),
(11, 954),
(11, 955),
(11, 1131),
(11, 1132),
(11, 1241),
(11, 1242),
(11, 1243),
(12, 78),
(12, 79),
(12, 80),
(12, 81),
(12, 82),
(12, 83),
(12, 84),
(12, 466),
(12, 467),
(12, 468),
(12, 469),
(12, 470),
(12, 471),
(12, 472),
(12, 473),
(12, 474),
(12, 475),
(12, 476),
(12, 477),
(12, 478),
(12, 479),
(12, 480),
(12, 956),
(12, 957),
(12, 958),
(12, 959),
(12, 960),
(12, 1133),
(12, 1134),
(12, 1244),
(12, 1245),
(12, 1246),
(13, 85),
(13, 86),
(13, 87),
(13, 88),
(13, 89),
(13, 90),
(13, 91),
(13, 481),
(13, 482),
(13, 483),
(13, 484),
(13, 485),
(13, 486),
(13, 487),
(13, 488),
(13, 489),
(13, 490),
(13, 491),
(13, 492),
(13, 493),
(13, 494),
(13, 495),
(13, 961),
(13, 962),
(13, 963),
(13, 964),
(13, 965),
(13, 1135),
(13, 1136),
(13, 1247),
(13, 1248),
(13, 1249),
(14, 92),
(14, 93),
(14, 94),
(14, 95),
(14, 96),
(14, 97),
(14, 98),
(14, 496),
(14, 497),
(14, 498),
(14, 499),
(14, 500),
(14, 501),
(14, 502),
(14, 503),
(14, 504),
(14, 505),
(14, 506),
(14, 507),
(14, 508),
(14, 509),
(14, 510),
(14, 966),
(14, 967),
(14, 968),
(14, 969),
(14, 970),
(14, 1137),
(14, 1138),
(14, 1250),
(14, 1251),
(14, 1252),
(15, 99),
(15, 100),
(15, 101),
(15, 102),
(15, 103),
(15, 104),
(15, 105),
(15, 511),
(15, 512),
(15, 513),
(15, 514),
(15, 515),
(15, 516),
(15, 517),
(15, 518),
(15, 519),
(15, 520),
(15, 521),
(15, 522),
(15, 523),
(15, 524),
(15, 525),
(15, 971),
(15, 972),
(15, 973),
(15, 974),
(15, 975),
(15, 1139),
(15, 1140),
(15, 1253),
(15, 1254),
(15, 1255),
(16, 106),
(16, 107),
(16, 108),
(16, 109),
(16, 110),
(16, 111),
(16, 112),
(16, 526),
(16, 527),
(16, 528),
(16, 529),
(16, 530),
(16, 531),
(16, 532),
(16, 533),
(16, 534),
(16, 535),
(16, 536),
(16, 537),
(16, 538),
(16, 539),
(16, 540),
(16, 976),
(16, 977),
(16, 978),
(16, 979),
(16, 980),
(16, 1141),
(16, 1142),
(16, 1256),
(16, 1257),
(16, 1258),
(17, 113),
(17, 114),
(17, 115),
(17, 116),
(17, 117),
(17, 118),
(17, 119),
(17, 541),
(17, 542),
(17, 543),
(17, 544),
(17, 545),
(17, 546),
(17, 547),
(17, 548),
(17, 549),
(17, 550),
(17, 551),
(17, 552),
(17, 553),
(17, 554),
(17, 555),
(17, 981),
(17, 982),
(17, 983),
(17, 984),
(17, 985),
(17, 1143),
(17, 1144),
(17, 1259),
(17, 1260),
(17, 1261),
(18, 120),
(18, 121),
(18, 122),
(18, 123),
(18, 124),
(18, 125),
(18, 126),
(18, 556),
(18, 557),
(18, 558),
(18, 559),
(18, 560),
(18, 561),
(18, 562),
(18, 563),
(18, 564),
(18, 565),
(18, 566),
(18, 567),
(18, 568),
(18, 569),
(18, 570),
(18, 986),
(18, 987),
(18, 988),
(18, 989),
(18, 990),
(18, 1145),
(18, 1146),
(18, 1262),
(18, 1263),
(18, 1264),
(19, 127),
(19, 128),
(19, 129),
(19, 130),
(19, 131),
(19, 132),
(19, 133),
(19, 571),
(19, 572),
(19, 573),
(19, 574),
(19, 575),
(19, 576),
(19, 577),
(19, 578),
(19, 579),
(19, 580),
(19, 581),
(19, 582),
(19, 583),
(19, 584),
(19, 585),
(19, 991),
(19, 992),
(19, 993),
(19, 994),
(19, 995),
(19, 1147),
(19, 1148),
(19, 1265),
(19, 1266),
(19, 1267),
(20, 134),
(20, 135),
(20, 136),
(20, 137),
(20, 138),
(20, 139),
(20, 140),
(20, 586),
(20, 587),
(20, 588),
(20, 589),
(20, 590),
(20, 591),
(20, 592),
(20, 593),
(20, 594),
(20, 595),
(20, 596),
(20, 597),
(20, 598),
(20, 599),
(20, 600),
(20, 996),
(20, 997),
(20, 998),
(20, 999),
(20, 1000),
(20, 1149),
(20, 1150),
(20, 1268),
(20, 1269),
(20, 1270),
(21, 141),
(21, 142),
(21, 143),
(21, 144),
(21, 145),
(21, 146),
(21, 147),
(21, 601),
(21, 602),
(21, 603),
(21, 604),
(21, 605),
(21, 606),
(21, 607),
(21, 608),
(21, 609),
(21, 610),
(21, 611),
(21, 612),
(21, 613),
(21, 614),
(21, 615),
(21, 1001),
(21, 1002),
(21, 1003),
(21, 1004),
(21, 1005),
(21, 1151),
(21, 1152),
(21, 1271),
(21, 1272),
(21, 1273),
(22, 148),
(22, 149),
(22, 150),
(22, 151),
(22, 152),
(22, 153),
(22, 154),
(22, 616),
(22, 617),
(22, 618),
(22, 619),
(22, 620),
(22, 621),
(22, 622),
(22, 623),
(22, 624),
(22, 625),
(22, 626),
(22, 627),
(22, 628),
(22, 629),
(22, 630),
(22, 1006),
(22, 1007),
(22, 1008),
(22, 1009),
(22, 1010),
(22, 1153),
(22, 1154),
(22, 1274),
(22, 1275),
(22, 1276),
(23, 155),
(23, 156),
(23, 157),
(23, 158),
(23, 159),
(23, 160),
(23, 161),
(23, 631),
(23, 632),
(23, 633),
(23, 634),
(23, 635),
(23, 636),
(23, 637),
(23, 638),
(23, 639),
(23, 640),
(23, 641),
(23, 642),
(23, 643),
(23, 644),
(23, 645),
(23, 1011),
(23, 1012),
(23, 1013),
(23, 1014),
(23, 1015),
(23, 1155),
(23, 1156),
(23, 1277),
(23, 1278),
(23, 1279),
(24, 162),
(24, 163),
(24, 164),
(24, 165),
(24, 166),
(24, 167),
(24, 168),
(24, 646),
(24, 647),
(24, 648),
(24, 649),
(24, 650),
(24, 651),
(24, 652),
(24, 653),
(24, 654),
(24, 655),
(24, 656),
(24, 657),
(24, 658),
(24, 659),
(24, 660),
(24, 1016),
(24, 1017),
(24, 1018),
(24, 1019),
(24, 1020),
(24, 1157),
(24, 1158),
(24, 1280),
(24, 1281),
(24, 1282),
(25, 169),
(25, 170),
(25, 171),
(25, 172),
(25, 173),
(25, 174),
(25, 175),
(25, 661),
(25, 662),
(25, 663),
(25, 664),
(25, 665),
(25, 666),
(25, 667),
(25, 668),
(25, 669),
(25, 670),
(25, 671),
(25, 672),
(25, 673),
(25, 674),
(25, 675),
(25, 1021),
(25, 1022),
(25, 1023),
(25, 1024),
(25, 1025),
(25, 1159),
(25, 1160),
(25, 1283),
(25, 1284),
(25, 1285),
(26, 176),
(26, 177),
(26, 178),
(26, 179),
(26, 180),
(26, 181),
(26, 182),
(26, 676),
(26, 677),
(26, 678),
(26, 679),
(26, 680),
(26, 681),
(26, 682),
(26, 683),
(26, 684),
(26, 685),
(26, 686),
(26, 687),
(26, 688),
(26, 689),
(26, 690),
(26, 1026),
(26, 1027),
(26, 1028),
(26, 1029),
(26, 1030),
(26, 1161),
(26, 1162),
(26, 1286),
(26, 1287),
(26, 1288),
(27, 183),
(27, 184),
(27, 185),
(27, 186),
(27, 187),
(27, 188),
(27, 189),
(27, 691),
(27, 692),
(27, 693),
(27, 694),
(27, 695),
(27, 696),
(27, 697),
(27, 698),
(27, 699),
(27, 700),
(27, 701),
(27, 702),
(27, 703),
(27, 704),
(27, 705),
(27, 1031),
(27, 1032),
(27, 1033),
(27, 1034),
(27, 1035),
(27, 1163),
(27, 1164),
(27, 1289),
(27, 1290),
(27, 1291),
(28, 190),
(28, 191),
(28, 192),
(28, 193),
(28, 194),
(28, 195),
(28, 196),
(28, 706),
(28, 707),
(28, 708),
(28, 709),
(28, 710),
(28, 711),
(28, 712),
(28, 713),
(28, 714),
(28, 715),
(28, 716),
(28, 717),
(28, 718),
(28, 719),
(28, 720),
(28, 1036),
(28, 1037),
(28, 1038),
(28, 1039),
(28, 1040),
(28, 1165),
(28, 1166),
(28, 1292),
(28, 1293),
(28, 1294),
(29, 197),
(29, 198),
(29, 199),
(29, 200),
(29, 201),
(29, 202),
(29, 203),
(29, 721),
(29, 722),
(29, 723),
(29, 724),
(29, 725),
(29, 726),
(29, 727),
(29, 728),
(29, 729),
(29, 730),
(29, 731),
(29, 732),
(29, 733),
(29, 734),
(29, 735),
(29, 1041),
(29, 1042),
(29, 1043),
(29, 1044),
(29, 1045),
(29, 1167),
(29, 1168),
(29, 1295),
(29, 1296),
(29, 1297),
(30, 204),
(30, 205),
(30, 206),
(30, 207),
(30, 208),
(30, 209),
(30, 210),
(30, 736),
(30, 737),
(30, 738),
(30, 739),
(30, 740),
(30, 741),
(30, 742),
(30, 743),
(30, 744),
(30, 745),
(30, 746),
(30, 747),
(30, 748),
(30, 749),
(30, 750),
(30, 1046),
(30, 1047),
(30, 1048),
(30, 1049),
(30, 1050),
(30, 1169),
(30, 1170),
(30, 1298),
(30, 1299),
(30, 1300),
(31, 211),
(31, 212),
(31, 213),
(31, 214),
(31, 215),
(31, 216),
(31, 217),
(31, 751),
(31, 752),
(31, 753),
(31, 754),
(31, 755),
(31, 756),
(31, 757),
(31, 758),
(31, 759),
(31, 760),
(31, 761),
(31, 762),
(31, 763),
(31, 764),
(31, 765),
(31, 1051),
(31, 1052),
(31, 1053),
(31, 1054),
(31, 1055),
(31, 1171),
(31, 1172),
(31, 1301),
(31, 1302),
(31, 1303),
(32, 218),
(32, 219),
(32, 220),
(32, 221),
(32, 222),
(32, 223),
(32, 224),
(32, 766),
(32, 767),
(32, 768),
(32, 769),
(32, 770),
(32, 771),
(32, 772),
(32, 773),
(32, 774),
(32, 775),
(32, 776),
(32, 777),
(32, 778),
(32, 779),
(32, 780),
(32, 1056),
(32, 1057),
(32, 1058),
(32, 1059),
(32, 1060),
(32, 1173),
(32, 1174),
(32, 1304),
(32, 1305),
(32, 1306),
(33, 225),
(33, 226),
(33, 227),
(33, 228),
(33, 229),
(33, 230),
(33, 231),
(33, 781),
(33, 782),
(33, 783),
(33, 784),
(33, 785),
(33, 786),
(33, 787),
(33, 788),
(33, 789),
(33, 790),
(33, 791),
(33, 792),
(33, 793),
(33, 794),
(33, 795),
(33, 1061),
(33, 1062),
(33, 1063),
(33, 1064),
(33, 1065),
(33, 1175),
(33, 1176),
(33, 1307),
(33, 1308),
(33, 1309),
(34, 232),
(34, 233),
(34, 234),
(34, 235),
(34, 236),
(34, 237),
(34, 238),
(34, 796),
(34, 797),
(34, 798),
(34, 799),
(34, 800),
(34, 801),
(34, 802),
(34, 803),
(34, 804),
(34, 805),
(34, 806),
(34, 807),
(34, 808),
(34, 809),
(34, 810),
(34, 1066),
(34, 1067),
(34, 1068),
(34, 1069),
(34, 1070),
(34, 1177),
(34, 1178),
(34, 1310),
(34, 1311),
(34, 1312),
(35, 239),
(35, 240),
(35, 241),
(35, 242),
(35, 243),
(35, 244),
(35, 245),
(35, 811),
(35, 812),
(35, 813),
(35, 814),
(35, 815),
(35, 816),
(35, 817),
(35, 818),
(35, 819),
(35, 820),
(35, 821),
(35, 822),
(35, 823),
(35, 824),
(35, 825),
(35, 1071),
(35, 1072),
(35, 1073),
(35, 1074),
(35, 1075),
(35, 1179),
(35, 1180),
(35, 1313),
(35, 1314),
(35, 1315),
(36, 246),
(36, 247),
(36, 248),
(36, 249),
(36, 250),
(36, 251),
(36, 252),
(36, 826),
(36, 827),
(36, 828),
(36, 829),
(36, 830),
(36, 831),
(36, 832),
(36, 833),
(36, 834),
(36, 835),
(36, 836),
(36, 837),
(36, 838),
(36, 839),
(36, 840),
(36, 1076),
(36, 1077),
(36, 1078),
(36, 1079),
(36, 1080),
(36, 1181),
(36, 1182),
(36, 1316),
(36, 1317),
(36, 1318),
(37, 253),
(37, 254),
(37, 255),
(37, 256),
(37, 257),
(37, 258),
(37, 259),
(37, 841),
(37, 842),
(37, 843),
(37, 844),
(37, 845),
(37, 846),
(37, 847),
(37, 848),
(37, 849),
(37, 850),
(37, 851),
(37, 852),
(37, 853),
(37, 854),
(37, 855),
(37, 1081),
(37, 1082),
(37, 1083),
(37, 1084),
(37, 1085),
(37, 1183),
(37, 1184),
(37, 1319),
(37, 1320),
(37, 1321),
(38, 260),
(38, 261),
(38, 262),
(38, 263),
(38, 264),
(38, 265),
(38, 266),
(38, 856),
(38, 857),
(38, 858),
(38, 859),
(38, 860),
(38, 861),
(38, 862),
(38, 863),
(38, 864),
(38, 865),
(38, 866),
(38, 867),
(38, 868),
(38, 869),
(38, 870),
(38, 1086),
(38, 1087),
(38, 1088),
(38, 1089),
(38, 1090),
(38, 1185),
(38, 1186),
(38, 1322),
(38, 1323),
(38, 1324);

--specialize the technicians (staff_role_id 1)
INSERT INTO technician_specialization (technician_specialization_id,technician_specialization_name,staff_role_id) VALUES
(1,"Sound Engineer",1),
(2,"Light Engineer",1),
(3,"Network Engineer" ,1),
(4,"Pyro Technician" ,1);

--insert 50 staff
INSERT INTO staff (staff_id, staff_name, staff_role_id, staff_phone, staff_email, staff_age, level_of_experience) VALUES
(1, 'Dimitrios Papadopoulos', 2, '99123456', 'papadopoulos@gmail.com', 28, 2),
(2, 'Maria Ioannou', 2, '99234567', 'ioannou@gmail.com', 24, 1),
(3, 'Andreas Georgiou', 2, '99345678', 'georgiou@gmail.com', 32, 3),
(4, 'Eleni Michael', 2, '99456789', 'michael@gmail.com', 22, 2),
(5, 'Christos Panayiotou', 2, '99567890', 'panayiotou@gmail.com', 29, 2),
(6, 'Sophia Constantinou', 2, '99678901', 'constantinou@gmail.com', 26, 1),
(7, 'Vasilis Ioannoglou', 2, '99789012', 'demetriou@gmail.com', 35, 3),
(8, 'Anna Antoniou', 2, '99890123', 'antoniou@gmail.com', 23, 2),
(9, 'Giorgos Christodoulou', 2, '99901234', 'christodoulou@gmail.com', 27, 2),
(10, 'Katerina Pavlou', 2, '99012345', 'pavlou@gmail.com', 31, 3),
(11, 'Stavros Hadjipanayiotou', 2, '99111222', 'hadjipanayiotou@gmail.com', 25, 1),
(12, 'Kostas Sloukas', 2, '99222333', 'theodorou@gmail.com', 30, 2),
(13, 'Yiannis Savva', 1, '99333444', 'savva@gmail.com', 22, 2),
(14, 'Alexandra Kouris', 1, '99444555', 'kouris@gmail.com', 24, 1),
(15, 'Michalis Louca', 1, '99555666', 'louca@gmail.com', 28, 2),
(16, 'Chrysoula Petrou', 2, '99666777', 'petrou@gmail.com', 26, 2),
(17, 'Petros Zacharia', 3, '99777888', 'zacharia@gmail.com', 33, 3),
(18, 'Despina Nicolaou', 3, '99888999', 'nicolaou@gmail.com', 21, 5),
(19, 'Costas Hadjikyriacou', 3, '99999000', 'hadjikyriacou@gmail.com', 81, 2),
(20, 'Marina Spyrou', 3, '99000111', 'spyrou@gmail.com', 27, 2),
(21, 'Andreas Charalambous', 3, '99112233', 'charalambous@gmail.com', 35, 4),
(22, 'Elena Kallis', 3, '99223344', 'kallis@gmail.com', 23, 1),
(23, 'Panayiotis Economou', 1, '99334455', 'economou@gmail.com', 40, 4),
(24, 'Fotini Andreou', 1, '99445566', 'andreou@gmail.com', 38, 3),
(25, 'George Vasiliou', 1, '99556677', 'vasiliou@gmail.com', 45, 4),
(26, 'Loukia Patsalou', 1, '99667788', 'patsalou@gmail.com', 32, 2),
(27, 'Stelios Makrides', 1, '99778899', 'makrides@gmail.com', 28, 5),
(28, 'Ioanna Hadjisavva', 1, '99889900', 'hadjisavva@gmail.com', 36, 3),
(29, 'Kyriacos Papanicolaou', 1, '99990011', 'papanicolaou@gmail.com', 42, 4),
(30, 'Evdokia Christoforou', 1, '99001122', 'christoforou@gmail.com', 39, 3),
(31, 'Panayiotis Economou', 1, '99334455', 'economou@gmail.com', 40, 4),
(32, 'Fotini Andreou', 1, '99445566', 'andreou@gmail.com', 38, 3),
(33, 'George Vasiliou', 1, '99556677', 'vasiliou@gmail.com', 45, 4),
(34, 'Loukia Patsalou', 1, '99667788', 'patsalou@gmail.com', 32, 2),
(35, 'Stelios Makrides', 2, '99778899', 'makrides@gmail.com', 28, 2),
(36, 'Ioanna Hadjisavva', 2, '99889900', 'hadjisavva@gmail.com', 36, 3),
(37, 'Kyriacos Papanicolaou', 2, '99990011', 'papanicolaou@gmail.com', 42, 4),
(38, 'Evdokia Christoforou', 2, '99001122', 'christoforou@gmail.com', 39, 3),
(39, 'Lebron James', 3, '99112233', 'savva@gmail.com', 22, 5),
(40, 'Alexandra Kouris', 3, '99223344', 'kouris@gmail.com', 24, 1),
(41, 'Aristeidis Vasilakis', 1, '99771234', 'vasilakis@gmail.com', 43, 4),
(42, 'Kalliopi Stefanidou', 1, '99237890', 'stefanidou@gmail.com', 38, 3),
(43, 'Theodoros Markou', 1, '99654321', 'markou@gmail.com', 32, 2),
(44, 'Olympia Zacharopoulou', 1, '99887654', 'zacharopoulou@gmail.com', 29, 2),
(45, 'Leonidas Papamichael', 2, '99456789', 'papamichael@gmail.com', 34, 3),
(46, 'Aikaterini Kokkinou', 2, '99321456', 'kokkinou@gmail.com', 27, 2),
(47, 'Dionysios Angelopoulos', 2, '99567890', 'angelopoulos@gmail.com', 24, 1),
(48, 'Persefoni Vlachou', 2, '99123478', 'vlachou@gmail.com', 22, 1),
(49, 'Stamatis Karagiannis', 2, '99987654', 'karagiannis@gmail.com', 45, 4),
(50, 'Eirini Liaskou', 2, '992234567', 'liaskou@gmail.com', 40, 3);

--make the 16 technicians one of four specializations
INSERT INTO staff_specialization (staff_id,technician_specialization_id) VALUES
(23,1),
(24,1),
(25,1),
(26,1),
(27,1),
(28,1),
(29,1),
(30,2),
(31,2),
(32,2),
(33,2),
(34,2),
(41,3),
(42,3),
(43,4),
(44,4);

INSERT INTO ticket_price (ticket_price_id, ticket_type_id, event_id, ticket_price_price) VALUES
/* 2016 Day 1 */
(1, 1, 1, 60.0),  /* VIP */
(2, 2, 1, 20.0),  /* Regular */
(3, 3, 1, 10.0),  /* Student */
(4, 4, 1, 5.0),   /* Senior Citizen */
(5, 5, 1, 100.0), /* Backstage */

(6, 1, 2, 65.0),
(7, 2, 2, 25.0), /* 2016 Day 2 */
(8, 3, 2, 15.0),
(9, 4, 2, 10.0),
(10, 5, 2, 105.0),

(11, 1, 3, 60.0),
(12, 2, 3, 20.0),
(13, 3, 3, 10.0), /* 2016 Day 3 */
(14, 4, 3, 5.0),
(15, 5, 3, 100.0),

(16, 1, 4, 60.0),
(17, 2, 4, 20.0),
(18, 3, 4, 10.0), /* 2016 Day 4 */
(19, 4, 4, 5.0),
(20, 5, 4, 100.0),

(21, 1, 5, 70.0),
(22, 2, 5, 30.0),
(23, 3, 5, 20.0), /* 2017 Day 1 */
(24, 4, 5, 15.0),
(25, 5, 5, 110.0),

(26, 1, 6, 70.0),
(27, 2, 6, 30.0),
(28, 3, 6, 20.0), /* 2017 Day 2 */
(29, 4, 6, 15.0),
(30, 5, 6, 110.0),

(31, 1, 7, 62.0),
(32, 2, 7, 22.0),
(33, 3, 7, 12.0), /* 2017 Day 3 */
(34, 4, 7, 7.0),
(35, 5, 7, 102.0),

(36, 1, 8, 62.0),
(37, 2, 8, 22.0),
(38, 3, 8, 12.0), /* 2017 Day 4 */
(39, 4, 8, 7.0),
(40, 5, 8, 102.0),


(41, 1, 9, 60.0),   
(42, 2, 9, 20.0),   
(43, 3, 9, 10.0),  /* 2018 Day 1*/
(44, 4, 9, 5.0),    
(45, 5, 9, 100.0),  

(46, 1, 10, 60.0),
(47, 2, 10, 20.0),
(48, 3, 10, 10.0),
(49, 4, 10, 5.0),
(50, 5, 10, 100.0),


(51, 1, 11, 65.0),/* 2018 Day 2*/
(52, 2, 11, 25.0),
(53, 3, 11, 15.0),
(54, 4, 11, 10.0),
(55, 5, 11, 105.0),


(56, 1, 12, 65.0),/* 2019 Day 1 */
(57, 2, 12, 25.0),
(58, 3, 12, 15.0),
(59, 4, 12, 10.0),
(60, 5, 12, 105.0),


(61, 1, 13, 60.0),/* 2019 Day 2 */
(62, 2, 13, 20.0),
(63, 3, 13, 10.0),
(64, 4, 13, 5.0),
(65, 5, 13, 100.0),

(66, 1, 14, 60.0),
(67, 2, 14, 20.0),
(68, 3, 14, 10.0),
(69, 4, 14, 5.0),
(70, 5, 14, 100.0),


(71, 1, 15, 70.0),/* 2019 Day 3 */
(72, 2, 15, 30.0),
(73, 3, 15, 20.0),
(74, 4, 15, 15.0),
(75, 5, 15, 110.0),

(76, 1, 16, 70.0),
(77, 2, 16, 30.0),
(78, 3, 16, 20.0),
(79, 4, 16, 15.0),
(80, 5, 16, 110.0),

(81, 1, 17, 65.0),  /* 2020 Day 1 */
(82, 2, 17, 25.0),
(83, 3, 17, 15.0),
(84, 4, 17, 10.0),
(85, 5, 17, 105.0),

(86, 1, 18, 67.0),  /* 2020 Day 2 */
(87, 2, 18, 27.0),
(88, 3, 18, 17.0),
(89, 4, 18, 12.0),
(90, 5, 18, 107.0),

(101, 1, 19, 70.0),  /* 2020 Day 3 */
(102, 2, 19, 30.0),
(103, 3, 19, 20.0),
(104, 4, 19, 15.0),
(105, 5, 19, 110.0),

(106, 1, 20, 65.0),  /* 2021 Day 1 */
(107, 2, 20, 25.0),
(108, 3, 20, 15.0),
(109, 4, 20, 10.0),
(110, 5, 20, 105.0),

(111, 1, 21, 65.0),
(112, 2, 21, 25.0),
(113, 3, 21, 15.0),
(114, 4, 21, 10.0),
(115, 5, 21, 105.0),

(116, 1, 22, 67.0),  /* 2021 Day 2 */
(117, 2, 22, 27.0),
(118, 3, 22, 17.0),
(119, 4, 22, 12.0),
(120, 5, 22, 107.0),

(121, 1, 23, 67.0),
(122, 2, 23, 27.0),
(123, 3, 23, 17.0),
(124, 4, 23, 12.0),
(125, 5, 23, 107.0),

(126, 1, 24, 67.0),  /* 2021 Day 3 */
(127, 2, 24, 27.0),
(128, 3, 24, 17.0),
(129, 4, 24, 12.0),
(130, 5, 24, 107.0),

(131, 1, 25, 62.0),  /* 2022 Day 1 */
(132, 2, 25, 22.0),
(133, 3, 25, 12.0),
(134, 4, 25, 7.0),
(135, 5, 25, 102.0),

(136, 1, 26, 62.0),
(137, 2, 26, 22.0),
(138, 3, 26, 12.0),
(139, 4, 26, 7.0),
(140, 5, 26, 102.0),

(141, 1, 27, 69.0),  /* 2022 Day 2 */
(142, 2, 27, 29.0),
(143, 3, 27, 19.0),
(144, 4, 27, 14.0),
(145, 5, 27, 109.0),

(146, 1, 28, 69.0),
(147, 2, 28, 29.0),
(148, 3, 28, 19.0),
(149, 4, 28, 14.0),
(150, 5, 28, 109.0),

(151, 1, 29, 69.0),  /* 2023 Day 1 */
(152, 2, 29, 29.0),
(153, 3, 29, 19.0),
(154, 4, 29, 14.0),
(155, 5, 29, 109.0),

(156, 1, 30, 69.0),
(157, 2, 30, 29.0),
(158, 3, 30, 19.0),
(159, 4, 30, 14.0),
(160, 5, 30, 109.0),

(161, 1, 31, 68.0),  /* 2023 Day 2 */
(162, 2, 31, 28.0),
(163, 3, 31, 18.0),
(164, 4, 31, 13.0),
(165, 5, 31, 108.0),

(166, 1, 32, 68.0),
(167, 2, 32, 28.0),
(168, 3, 32, 18.0),
(169, 4, 32, 13.0),
(170, 5, 32, 108.0),

(171, 1, 33, 70.0),  /* 2023 Day 3 */
(172, 2, 33, 30.0),
(173, 3, 33, 20.0),
(174, 4, 33, 15.0),
(175, 5, 33, 110.0),

(176, 1, 34, 65.0),  /* 2024 Day 1 */
(177, 2, 34, 25.0),
(178, 3, 34, 15.0),
(179, 4, 34, 10.0),
(180, 5, 34, 105.0),

(181, 1, 35, 65.0),  /* 2024 Day 2 */
(182, 2, 35, 25.0),
(183, 3, 35, 15.0),
(184, 4, 35, 10.0),
(185, 5, 35, 105.0),

(186, 1, 36, 70.0),  /* 2024 Day 3 */
(187, 2, 36, 30.0),
(188, 3, 36, 20.0),
(189, 4, 36, 15.0),
(190, 5, 36, 110.0),

(191, 1, 37, 70.0),  /* 2024 Day 4 */
(192, 2, 37, 30.0),
(193, 3, 37, 20.0),
(194, 4, 37, 15.0),
(195, 5, 37, 110.0),

(196, 1, 38, 70.0),  /* 2024 Day 5 */
(197, 2, 38, 30.0),
(198, 3, 38, 20.0),
(199, 4, 38, 15.0),
(200, 5, 38, 110.0),

(201, 1, 39, 65.0),  /* 2025 Day 1 */
(202, 2, 39, 25.0),
(203, 3, 39, 15.0),
(204, 4, 39, 10.0),
(205, 5, 39, 105.0),

(206, 1, 40, 65.0),
(207, 2, 40, 25.0),
(208, 3, 40, 15.0),
(209, 4, 40, 10.0),
(210, 5, 40, 105.0),

(211, 1, 41, 65.0),  /* 2025 Day 2 */
(212, 2, 41, 25.0),
(213, 3, 41, 15.0),
(214, 4, 41, 10.0),
(215, 5, 41, 105.0),

(216, 1, 42, 65.0),
(217, 2, 42, 25.0),
(218, 3, 42, 15.0),
(219, 4, 42, 10.0),
(220, 5, 42, 105.0),

(221, 1, 43, 70.0),  /* 2025 Day 3 */
(222, 2, 43, 30.0),
(223, 3, 43, 20.0),
(224, 4, 43, 15.0),
(225, 5, 43, 110.0),

(226, 1, 44, 70.0),  /* 2025 Day 4 */
(227, 2, 44, 30.0),
(228, 3, 44, 20.0),
(229, 4, 44, 15.0),
(230, 5, 44, 110.0),

(231, 1, 45, 75.0),  /* 2026 Day 1 */
(232, 2, 45, 35.0),
(233, 3, 45, 25.0),
(234, 4, 45, 20.0),
(235, 5, 45, 115.0),

(236, 1, 46, 75.0),
(237, 2, 46, 35.0),
(238, 3, 46, 25.0),
(239, 4, 46, 20.0),
(240, 5, 46, 115.0),

(241, 1, 47, 80.0),
(242, 2, 47, 40.0),
(243, 3, 47, 30.0),
(244, 4, 47, 25.0),
(245, 5, 47, 120.0),

(246, 1, 48, 60.0),  /* 2027 Day 1 */
(247, 2, 48, 20.0),
(248, 3, 48, 10.0),
(249, 4, 48, 5.0),
(250, 5, 48, 100.0),

(251, 1, 49, 65.0),  /* 2027 Day 2 */
(252, 2, 49, 25.0),
(253, 3, 49, 15.0),
(254, 4, 49, 10.0),
(255, 5, 49, 105.0),

(256, 1, 50, 70.0),  /* 2027 Day 3 */
(257, 2, 50, 30.0),
(258, 3, 50, 20.0),
(259, 4, 50, 15.0),
(260, 5, 50, 110.0);

-- YEAR 1 (Event IDs 1-4)
CALL insert_visitor_with_ticket('LeBron', 'James', 22, 'James@yahoo.com', '+49 1520 3344556', '0100000002155', 'VIP', 1, 2, @result);
CALL insert_visitor_with_ticket('Stephen', 'Curry', 24, 'Curry@yahoo.com', '+49 1578 1122334', '0100000002162', 'VIP', 2, 1, @result);
CALL insert_visitor_with_ticket('Kevin', 'Durant', 28, 'Durant@yahoo.com', '+49 172 9876543', '0100000002179', 'Regular', 1, 2, @result);
CALL insert_visitor_with_ticket('Giannis', 'Antetokounmpo', 20, 'Antetokounmpo@yahoo.com', '+49 151 4567890', '0100000002186', 'Regular', 2, 2, @result);
CALL insert_visitor_with_ticket('Luka', 'Doncic', 23, 'Doncic@yahoo.com', '+49 176 3216549', '0100000002193', 'Regular', 3, 2, @result);
CALL insert_visitor_with_ticket('Joel', 'Embiid', 26, 'Embiid@yahoo.com', '+49 152 1010101', '0100000002209', 'Regular', 3, 1, @result);
CALL insert_visitor_with_ticket('Jayson', 'Tatum', 21, 'Tatum@yahoo.com', '+49 157 8888899', '0100000002216', 'Regular', 4, 2, @result);
CALL insert_visitor_with_ticket('Kawhi', 'Leonard', 25, 'Leonard@yahoo.com', '+49 160 2233445', '0100000002223', 'Regular', 4, 1, @result);
CALL insert_visitor_with_ticket('Jimmy', 'Butler', 19, 'Butler@yahoo.com', '+49 163 1234567', '0100000002230', 'Student', 1, 2, @result);
CALL insert_visitor_with_ticket('Damian', 'Lillard', 22, 'Lillard@yahoo.com', '+49 151 4444222', '0100000002247', 'Student', 2, 2, @result);
CALL insert_visitor_with_ticket('Anthony', 'Davis', 23, 'Davis@yahoo.com', '+49 172 3333444', '0100000002254', 'Student', 3, 2, @result);
CALL insert_visitor_with_ticket('Devin', 'Booker', 21, 'Booker@yahoo.com', '+49 176 5555666', '0100000002261', 'Student', 3, 1, @result);
CALL insert_visitor_with_ticket('Trae', 'Young', 20, 'Young@yahoo.com', '+49 157 7777888', '0100000002278', 'Student', 4, 2, @result);
CALL insert_visitor_with_ticket('Zion', 'Williamson', 19, 'Williamson@yahoo.com', '+49 152 9999000', '0100000002285', 'Student', 1, 2, @result);
CALL insert_visitor_with_ticket('Karl-Anthony', 'Towns', 24, 'Towns@yahoo.com', '+49 151 1122112', '0100000002292', 'Student', 2, 2, @result);
CALL insert_visitor_with_ticket('Kyrie', 'Irving', 20, 'Irving@yahoo.com', '+49 160 2233221', '0100000002308', 'Student', 3, 2, @result);
CALL insert_visitor_with_ticket('Donovan', 'Mitchell', 22, 'Mitchell@yahoo.com', '+49 152 3344556', '0100000002315', 'Student', 4, 2, @result);
CALL insert_visitor_with_ticket('Michael', 'Jordan', 34, 'jordan@yahoo.com', '+49 152 3344556', '0100000002346', 'Student', 3, 1, @result);
CALL insert_visitor_with_ticket('Chris', 'Paul', 68, 'Paul@yahoo.com', '+49 170 6677889', '0100000002322', 'Senior Citizen', 2, 1, @result);
CALL insert_visitor_with_ticket('Ja', 'Morant', 25, 'Morant@yahoo.com', '+49 162 7788990', '0100000002339', 'Backstage', 1, 2, @result);

-- YEAR 2 (Event IDs 5-8)
CALL insert_visitor_with_ticket('Novak', 'Djokovic', 25, 'Djokovic@yahoo.com', '+1 212 555 0198', '0100000002353', 'VIP', 5, 2, @result);
CALL insert_visitor_with_ticket('Carlos', 'Alcaraz', 22, 'Alcaraz@yahoo.com', '+52 55 1234 5678', '0100000002360', 'VIP', 6, 1, @result);
CALL insert_visitor_with_ticket('Daniil', 'Medvedev', 29, 'Medvedev@yahoo.com', '+1 310 555 2030', '0100000002377', 'Regular', 5, 2, @result);
CALL insert_visitor_with_ticket('Jannik', 'Sinner', 24, 'Sinner@yahoo.com', '+502 5555 1122', '0100000002384', 'Regular', 6, 2, @result);
CALL insert_visitor_with_ticket('Alexander', 'Zverev', 32, 'Zverev@yahoo.com', '+1 718 555 0099', '0100000002391', 'Regular', 7, 1, @result);
CALL insert_visitor_with_ticket('Andrey', 'Rublev', 26, 'Rublev@yahoo.com', '+52 81 9988 7766', '0100000002407', 'Regular', 7, 2, @result);
CALL insert_visitor_with_ticket('Casper', 'Ruud', 28, 'Ruud@yahoo.com', '+1 415 555 7788', '0100000002414', 'Regular', 8, 1, @result);
CALL insert_visitor_with_ticket('Holger', 'Rune', 30, 'Rune@yahoo.com', '+502 5678 3344', '0100000002421', 'Regular', 8, 2, @result);
CALL insert_visitor_with_ticket('Stefanos', 'Tsitsipas', 21, 'Tsitsipas@yahoo.com', '+1 646 555 0002', '0100000002438', 'Student', 5, 2, @result);
CALL insert_visitor_with_ticket('Taylor', 'Fritz', 23, 'Fritz@yahoo.com', '+52 33 4455 6677', '0100000002445', 'Student', 6, 2, @result);
CALL insert_visitor_with_ticket('Mikis', 'Theodorakis', 20, 'theodorakis@yahoo.com', '+1 503 555 1234', '0100000002452', 'Student', 6, 1, @result);
CALL insert_visitor_with_ticket('Hubert', 'Hurkacz', 27, 'Hurkacz@yahoo.com', '+502 2233 8899', '0100000002469', 'Student', 7, 2, @result);
CALL insert_visitor_with_ticket('Felix', 'Auger-Aliassime', 22, 'Auger-Aliassime@yahoo.com', '+1 214 555 7700', '0100000002476', 'Student', 7, 2, @result);
CALL insert_visitor_with_ticket('Matteo', 'Berrettini', 24, 'Berrettini@yahoo.com', '+52 55 6611 9988', '0100000002483', 'Student', 8, 2, @result);
CALL insert_visitor_with_ticket('Emma', 'Raducanu', 19, 'Raducanu@yahoo.com', '+1 213 555 3344', '0100000002490', 'Student', 8, 2, @result);
CALL insert_visitor_with_ticket('Iga', 'Swiatek', 18, 'Swiatek@yahoo.com', '+502 4444 2211', '0100000002506', 'Student', 5, 1, @result);
CALL insert_visitor_with_ticket('Aryna', 'Sabalenka', 26, 'Sabalenka@yahoo.com', '+1 408 555 7789', '0100000002513', 'Student', 6, 2, @result);
CALL insert_visitor_with_ticket('Coco', 'Gauff', 21, 'Gauff@yahoo.com', '+52 81 3344 2255', '0100000002520', 'Student', 7, 2, @result);
CALL insert_visitor_with_ticket('Jessica', 'Pegula', 85, 'Pegula@yahoo.com', '+1 917 555 9911', '0100000002537', 'Senior Citizen', 8, 2, @result);
CALL insert_visitor_with_ticket('Rafael', 'Nadal', 38, 'Nadal@yahoo.com', '+502 8888 1100', '0100000002544', 'Backstage', 8, 1, @result);


-- YEAR 3 (Event IDs 9-11)

CALL insert_visitor_with_ticket('Kylian', 'Mbappé', 24, 'mbappe@psg.com', '6912345678', '1000000000009', 'VIP', 9, 2, @result);
CALL insert_visitor_with_ticket('Erling', 'Haaland', 22, 'haaland@mancity.com', '6912345679', '1000000000016', 'VIP', 9, 1, @result);
CALL insert_visitor_with_ticket('Jude', 'Bellingham', 20, 'bellingham@realmadrid.com', '6912345680', '1000000000023', 'Regular', 10, 2, @result);
CALL insert_visitor_with_ticket('Vinícius', 'Júnior', 23, 'junior@realmadrid.com', '6912345681', '1000000000030', 'Regular', 10, 2, @result);
CALL insert_visitor_with_ticket('Bukayo', 'Saka', 21, 'saka@arsenal.com', '6912345682', '1000000000047', 'Regular', 11, 1, @result);
CALL insert_visitor_with_ticket('Phil', 'Foden', 23, 'foden@mancity.com', '6912345683', '1000000000054', 'Regular', 11, 2, @result);
CALL insert_visitor_with_ticket('Jamal', 'Musiala', 40, 'musiala@bayern.com', '6912345684', '1000000000061', 'Regular', 9, 2, @result);
CALL insert_visitor_with_ticket('Pedri', 'González', 20, 'gonzalez@barcelona.com', '6912345685', '1000000000078', 'Regular', 10, 1, @result);
CALL insert_visitor_with_ticket('Gavi', 'Paez', 19, 'paez@barcelona.com', '6912345686', '1000000000085', 'Student', 11, 2, @result);
CALL insert_visitor_with_ticket('Rodrygo', 'Goes', 21, 'goes@realmadrid.com', '6912345687', '1000000000092', 'Student', 9, 2, @result);
CALL insert_visitor_with_ticket('Federico', 'Valverde', 24, 'valverde@realmadrid.com', '6912345688', '1000000000108', 'Student', 10, 2, @result);
CALL insert_visitor_with_ticket('Aurélien', 'Tchouaméni', 33, 'tchouameni@realmadrid.com', '6912345689', '1000000000115', 'Student', 11, 1, @result);
CALL insert_visitor_with_ticket('Declan', 'Rice', 24, 'rice@arsenal.com', '6912345690', '1000000000122', 'Student', 9, 2, @result);
CALL insert_visitor_with_ticket('Khvicha', 'Kvaratskhelia', 22, 'kvaratskhelia@napoli.com', '6912345691', '1000000000139', 'Student', 10, 2, @result);
CALL insert_visitor_with_ticket('Martin', 'Ødegaard', 24, 'odegaard@arsenal.com', '6912345692', '1000000000146', 'Student', 11, 1, @result);
CALL insert_visitor_with_ticket('Rafael', 'Leão', 43, 'leao@milan.com', '6912345693', '1000000000153', 'Student', 9, 2, @result);
CALL insert_visitor_with_ticket('Josko', 'Gvardiol', 21, 'gvardiol@mancity.com', '6912345694', '1000000000160', 'Student', 10, 2, @result);
CALL insert_visitor_with_ticket('Markos', 'Markoglou', 21, 'oglou@mark.com', '6912341234', '1000000000597', 'Student', 10, 1, @result);
CALL insert_visitor_with_ticket('Lionel', 'Messi', 67, 'messi@intermiami.com', '6912345695', '1000000000177', 'Senior Citizen', 11, 3, @result);
CALL insert_visitor_with_ticket('Kevin', 'De Bruyne', 32, 'debruyne@mancity.com', '6912345696', '1000000000184', 'Backstage', 9, 4, @result);

-- YEAR 4 (Event IDs 12-16)
CALL insert_visitor_with_ticket('Harry', 'Kane', 30, 'kane@bayern.com', '6912345697', '1000000000191', 'VIP', 12, 1, @result);
CALL insert_visitor_with_ticket('Victor', 'Osimhen', 24, 'osimhen@napoli.com', '6912345698', '1000000000207', 'VIP', 13, 2, @result);
CALL insert_visitor_with_ticket('Bernardo', 'Silva', 29, 'silva@mancity.com', '6912345699', '1000000000214', 'Regular', 14, 2, @result);
CALL insert_visitor_with_ticket('Bruno', 'Fernandes', 29, 'fernandes@manutd.com', '6912345700', '1000000000221', 'Regular', 15, 1, @result);
CALL insert_visitor_with_ticket('Christopher', 'Nkunku', 25, 'nkunku@chelsea.com', '6912345701', '1000000000238', 'Regular', 16, 2, @result);
CALL insert_visitor_with_ticket('Rúben', 'Dias', 26, 'dias@mancity.com', '6912345702', '1000000000245', 'Regular', 13, 2, @result);
CALL insert_visitor_with_ticket('Lautaro', 'Martínez', 46, 'martinez@inter.com', '6912345703', '1000000000252', 'Regular', 14, 1, @result);
CALL insert_visitor_with_ticket('Frenkie', 'de Jong', 26, 'jong@barcelona.com', '6912345704', '1000000000269', 'Regular', 15, 2, @result);
CALL insert_visitor_with_ticket('Julian', 'Alvarez', 23, 'alvarez@mancity.com', '6912345705', '1000000000276', 'Student', 12, 2, @result);
CALL insert_visitor_with_ticket('Marcus', 'Rashford', 25, 'rashford@manutd.com', '6912345706', '1000000000283', 'Student', 16, 2, @result);
CALL insert_visitor_with_ticket('Mason', 'Mount', 64, 'mount@manutd.com', '6912345707', '1000000000290', 'Student', 14, 1, @result);
CALL insert_visitor_with_ticket('Antonio', 'Rüdiger', 30, 'rudiger@realmadrid.com', '6912345708', '1000000000306', 'Student', 15, 2, @result);
CALL insert_visitor_with_ticket('Nicolò', 'Barella', 26, 'barella@inter.com', '6912345709', '1000000000313', 'Student', 12, 2, @result);
CALL insert_visitor_with_ticket('Ederson', 'Moraes', 30, 'moraes@mancity.com', '6912345710', '1000000000320', 'Student', 16, 1, @result);
CALL insert_visitor_with_ticket('Manos', 'Chatzidakis', 34, 'goat@gmail.com', '6912345711', '1000000000337', 'Student', 14, 2, @result);
CALL insert_visitor_with_ticket('Achraf', 'Hakimi', 24, 'hakimi@psg.com', '6912345712', '1000000000344', 'Student', 15, 2, @result);
CALL insert_visitor_with_ticket('Serge', 'Gnabry', 38, 'gnabry@bayern.com', '6912345713', '1000000000351', 'Student', 16, 1, @result);
CALL insert_visitor_with_ticket('Loukas', 'Stylianou', 38, 'stylianou@omonia.com', '6978512355', '1000000000566', 'Student', 16, 2, @result);
CALL insert_visitor_with_ticket('Robert', 'Lewandowski', 80, 'lewandowski@barcelona.com', '6912345714', '1000000000368', 'Senior Citizen', 13, 3, @result);
CALL insert_visitor_with_ticket('Mohamed', 'Salah', 31, 'salah@liverpool.com', '6912345715', '1000000000375', 'Backstage', 14, 4, @result);

-- YEAR 5 (Event IDs 17-19)
CALL insert_visitor_with_ticket('Enzo', 'Fernández', 22, 'fernandez@chelsea.com', '6912345716', '1000000000382', 'VIP', 17, 2, @result);
CALL insert_visitor_with_ticket('João', 'Félix', 43, 'felix@barcelona.com', '6912345717', '1000000000399', 'Regular', 17, 1, @result);
CALL insert_visitor_with_ticket('Luis', 'Díaz', 26, 'diaz@liverpool.com', '6912345718', '1000000000405', 'Regular', 18, 2, @result);
CALL insert_visitor_with_ticket('Darwin', 'Núñez', 24, 'nunez@liverpool.com', '6912345719', '1000000000412', 'Regular', 19, 2, @result);
CALL insert_visitor_with_ticket('Jack', 'Grealish', 28, 'grealish@mancity.com', '6912345720', '1000000000429', 'Regular', 17, 1, @result);
CALL insert_visitor_with_ticket('Kai', 'Havertz', 34, 'havertz@arsenal.com', '6912345721', '1000000000436', 'Regular', 17, 2, @result);
CALL insert_visitor_with_ticket('Mikel', 'Oyarzabal', 26, 'oyarzabal@realsociedad.com', '6912345722', '1000000000443', 'Regular', 18, 2, @result);
CALL insert_visitor_with_ticket('Dayot', 'Upamecano', 24, 'upamecano@bayern.com', '6912345723', '1000000000450', 'Regular', 19, 1, @result);
CALL insert_visitor_with_ticket('Takefusa', 'Kubo', 22, 'kubo@realsociedad.com', '6912345724', '1000000000467', 'Student', 18, 2, @result);
CALL insert_visitor_with_ticket('Jeremy', 'Doku', 21, 'doku@mancity.com', '6912345725', '1000000000474', 'Student', 17, 2, @result);
CALL insert_visitor_with_ticket('Evan', 'Ferguson', 18, 'ferguson@brighton.com', '6912345726', '1000000000481', 'Student', 18, 1, @result);
CALL insert_visitor_with_ticket('Xavi', 'Simons', 20, 'simons@leipzig.com', '6912345727', '1000000000498', 'Student', 19, 2, @result);
CALL insert_visitor_with_ticket('Alejandro', 'Balde', 20, 'balde@barcelona.com', '6912345728', '1000000000504', 'Student', 18, 2, @result);
CALL insert_visitor_with_ticket('Ansu', 'Fati', 20, 'fati@brighton.com', '6912345729', '1000000000511', 'Student', 17, 1, @result);
CALL insert_visitor_with_ticket('Fivos', 'Delivorias', 51, 'deli@kiki.com', '6912345730', '1000000000528', 'Student', 18, 2, @result);
CALL insert_visitor_with_ticket('Rasmus', 'Højlund', 20, 'hojlund@manutd.com', '6912345731', '1000000000535', 'Student', 19, 1, @result);
CALL insert_visitor_with_ticket('Fotis', 'Ioannidis', 38, 'ioannidis@sporting.com', '6932354812', '1000000000573', 'Student', 18, 2, @result);
CALL insert_visitor_with_ticket('Zeca', 'Rodrigues', 26, 'zeca@panathinaikos.com', '6912355531', '1000000000580', 'Student', 19, 3, @result);
CALL insert_visitor_with_ticket('Manuel', 'Neuer', 79, 'neuer@bayern.com', '6912345732', '1000000000542', 'Senior Citizen', 19, 3, @result);
CALL insert_visitor_with_ticket('Karim', 'Benzema', 36, 'benzema@alittihad.com', '6912345733', '1000000000559', 'Backstage', 17, 4, @result);

-- YEAR 6 (Events 20-24)
CALL insert_visitor_with_ticket('Lionel', 'Messi', 24, 'messi@barcelona.com', '6912345601', '1000000000603', 'VIP', 20, 2, @result);
CALL insert_visitor_with_ticket('Cristiano', 'Ronaldo', 23, 'ronaldo@realmadrid.com', '6912345602', '1000000000610', 'VIP', 20, 1, @result);
CALL insert_visitor_with_ticket('Xavi', 'Hernández', 25, 'hernandez@barcelona.com', '6912345603', '1000000000627', 'Regular', 21, 2, @result);
CALL insert_visitor_with_ticket('Andrés', 'Iniesta', 24, 'iniesta@barcelona.com', '6912345604', '1000000000634', 'Regular', 21, 2, @result);
CALL insert_visitor_with_ticket('Wayne', 'Rooney', 22, 'rooney@manutd.com', '6912345605', '1000000000641', 'Regular', 22, 1, @result);
CALL insert_visitor_with_ticket('Didier', 'Drogba', 27, 'drogba@chelsea.com', '6912345606', '1000000000658', 'Regular', 22, 2, @result);
CALL insert_visitor_with_ticket('Steven', 'Gerrard', 26, 'gerrard@liverpool.com', '6912345607', '1000000000665', 'Regular', 23, 2, @result);
CALL insert_visitor_with_ticket('Frank', 'Lampard', 28, 'lampard@chelsea.com', '6912345608', '1000000000672', 'Regular', 23, 1, @result);
CALL insert_visitor_with_ticket('Zlatan', 'Ibrahimović', 21, 'ibrahimovic@acmilan.com', '6912345609', '1000000000689', 'Student', 20, 2, @result);
CALL insert_visitor_with_ticket('Fernando', 'Torres', 22, 'torres@liverpool.com', '6912345610', '1000000000696', 'Student', 21, 2, @result);
CALL insert_visitor_with_ticket('Kaká', 'Santos', 33, 'santos@realmadrid.com', '6912345611', '1000000000702', 'Student', 22, 1, @result);
CALL insert_visitor_with_ticket('Samuel', 'Eto''o', 24, 'etoo@inter.com', '6912345612', '1000000000719', 'Student', 23, 2, @result);
CALL insert_visitor_with_ticket('Gianluigi', 'Buffon', 20, 'buffon@juventus.com', '6912345613', '1000000000726', 'Student', 24, 2, @result);
CALL insert_visitor_with_ticket('Carles', 'Puyol', 45, 'puyol@barcelona.com', '6912345614', '1000000000733', 'Student', 24, 2, @result);
CALL insert_visitor_with_ticket('Iker', 'Casillas', 22, 'casillas@realmadrid.com', '6912345615', '1000000000740', 'Student', 22, 1, @result);
CALL insert_visitor_with_ticket('Thierry', 'Henry', 54, 'henry@barcelona.com', '6912345616', '1000000000757', 'Student', 23, 2, @result);
CALL insert_visitor_with_ticket('David', 'Villa', 23, 'villa@barcelona.com', '6912345617', '1000000000764', 'Student', 20, 2, @result);
CALL insert_visitor_with_ticket('Thodoris', 'Zagorakis', 50, 'zagorakis@ellas.com', '6988885617', '1000000001174', 'Student', 24, 2, @result);
CALL insert_visitor_with_ticket('Paolo', 'Maldini', 68, 'maldini@acmilan.com', '6912345618', '1000000000771', 'Senior Citizen', 21, 3, @result);
CALL insert_visitor_with_ticket('Ronaldinho', 'Gaúcho', 29, 'gaucho@acmilan.com', '6912345619', '1000000000788', 'Backstage', 24, 4, @result);

-- YEAR 7 (Events 25-28)
CALL insert_visitor_with_ticket('Arjen', 'Robben', 24, 'robben@bayern.com', '6912345620', '1000000000795', 'VIP', 25, 1, @result);
CALL insert_visitor_with_ticket('Wesley', 'Sneijder', 23, 'sneijder@inter.com', '6912345621', '1000000000801', 'Regular', 25, 2, @result);
CALL insert_visitor_with_ticket('Andrea', 'Pirlo', 26, 'pirlo@juventus.com', '6912345622', '1000000000818', 'Regular', 25, 2, @result);
CALL insert_visitor_with_ticket('John', 'Terry', 27, 'terry@chelsea.com', '6912345623', '1000000000825', 'Regular', 28, 1, @result);
CALL insert_visitor_with_ticket('Rio', 'Ferdinand', 28, 'ferdinand@manutd.com', '6912345624', '1000000000832', 'Regular', 28, 2, @result);
CALL insert_visitor_with_ticket('Sergio', 'Agüero', 20, 'aguero@mancity.com', '6912345625', '1000000000849', 'Regular', 25, 2, @result);
CALL insert_visitor_with_ticket('Nemanja', 'Vidić', 25, 'vidic@manutd.com', '6912345626', '1000000000856', 'Regular', 26, 1, @result);
CALL insert_visitor_with_ticket('Confucius', 'The Chinese', 24, 'confucius@china.com', '6912345627', '1000000000863', 'Regular', 27, 2, @result);
CALL insert_visitor_with_ticket('Francesco', 'Totti', 22, 'totti@roma.com', '6912345628', '1000000000870', 'Student', 26, 2, @result);
CALL insert_visitor_with_ticket('Raúl', 'González', 23, 'gonzalez@realmadrid.com', '6912345629', '1000000000887', 'Student', 25, 2, @result);
CALL insert_visitor_with_ticket('Ryan', 'Giggs', 21, 'giggs@manutd.com', '6912345630', '1000000000894', 'Student', 28, 1, @result);
CALL insert_visitor_with_ticket('Michael', 'Essien', 24, 'essien@chelsea.com', '6912345631', '1000000000900', 'Student', 27, 2, @result);
CALL insert_visitor_with_ticket('Ioustinianos', 'Vizantinos', 20, 'justin@byzantine.com', '6912345632', '1000000000917', 'Student', 26, 2, @result);
CALL insert_visitor_with_ticket('Luís', 'Figo', 25, 'figo@inter.com', '6912345633', '1000000000924', 'Student', 25, 2, @result);
CALL insert_visitor_with_ticket('Alessandro', 'Del Piero', 22, 'delpiero@juventus.com', '6912345634', '1000000000931', 'Student', 26, 1, @result);
CALL insert_visitor_with_ticket('Patrick', 'Vieira', 24, 'vieira@inter.com', '6912345635', '1000000000948', 'Student', 27, 2, @result);
CALL insert_visitor_with_ticket('Paul', 'Scholes', 23, 'scholes@manutd.com', '6912345636', '1000000000955', 'Student', 25, 2, @result);
CALL insert_visitor_with_ticket('Fanis', 'Gkekas', 43, 'gkekas@penalty.com', '6912348836', '1000000001181', 'Student', 28, 2, @result);
CALL insert_visitor_with_ticket('Fabio', 'Cannavaro', 67, 'cannavaro@juventus.com', '6912345637', '1000000000962', 'Senior Citizen', 25, 3, @result);
CALL insert_visitor_with_ticket('Ruud', 'van Nistelrooy', 28, 'nistelrooy@realmadrid.com', '6912345638', '1000000000979', 'Backstage', 26, 4, @result);

-- YEAR 8 (Events 29-33)
CALL insert_visitor_with_ticket('David', 'Beckham', 25, 'beckham@acmilan.com', '6912345639', '1000000000986', 'VIP', 29, 2, @result);
CALL insert_visitor_with_ticket('Roberto', 'Carlos', 24, 'carlos@fenerbahce.com', '6912345640', '1000000000993', 'VIP', 29, 1, @result);
CALL insert_ticket_with_existing_visitor(0100000002018,"Regular", 30, 1, 102, @message);
CALL insert_ticket_with_existing_visitor(0100000002025,"Regular", 31, 1, 102, @message);
CALL insert_ticket_with_existing_visitor(0100000002032,"Regular", 32, 1, 102, @message);
CALL insert_ticket_with_existing_visitor(0100000002049,"Regular", 33, 1, 102, @message);

CALL insert_visitor_with_ticket('Sakis', 'Rouvas', 27, 'rouvas@rouvakis.com', '6912345641', '1000000001006', 'Regular', 29, 2, @result);
CALL insert_ticket_with_existing_visitor(0100000002056,"Regular", 30, 3, 103, @message);
CALL insert_ticket_with_existing_visitor(0100000002063,"Regular", 31, 3, 103, @message);
CALL insert_ticket_with_existing_visitor(0100000002070,"Regular", 32, 3, 103, @message);
CALL insert_ticket_with_existing_visitor(0100000002087,"Regular", 33, 3, 103, @message);
CALL insert_visitor_with_ticket('Javier', 'Zanetti', 28, 'zanetti@inter.com', '6912345642', '1000000001013', 'Regular', 31, 2, @result);
CALL insert_visitor_with_ticket('Pavel', 'Nedvěd', 26, 'nedved@juventus.com', '6912345643', '1000000001020', 'Regular', 32, 1, @result);
CALL insert_visitor_with_ticket('Gennaro', 'Gattuso', 25, 'gattuso@acmilan.com', '6912345644', '1000000001037', 'Regular', 33, 2, @result);
CALL insert_visitor_with_ticket('Claude', 'Makélélé', 24, 'makelele@psg.com', '6912345645', '1000000001044', 'Regular', 32, 2, @result);
CALL insert_visitor_with_ticket('Luca', 'Toni', 27, 'toni@bayern.com', '6912345646', '1000000001051', 'Regular', 29, 1, @result);
CALL insert_visitor_with_ticket('Rivaldo', 'Vítor', 22, 'vitor@olympiacos.com', '6912345647', '1000000001068', 'Student', 30, 2, @result);
CALL insert_visitor_with_ticket('Alessandro', 'Nesta', 23, 'nesta@acmilan.com', '6912345648', '1000000001075', 'Student', 31, 2, @result);
CALL insert_visitor_with_ticket('Marcos', 'Cafú', 21, 'cafu@acmilan.com', '6912345649', '1000000001082', 'Student', 32, 1, @result);
CALL insert_visitor_with_ticket('Hernán', 'Crespo', 24, 'crespo@inter.com', '6912345650', '1000000001099', 'Student', 33, 2, @result);
CALL insert_visitor_with_ticket('Juan', 'Verón', 20, 'veron@estudiantes.com', '6912345651', '1000000001105', 'Student', 31, 2, @result);
CALL insert_visitor_with_ticket('Gabriel', 'Batistuta', 25, 'batistuta@fiorentina.com', '6912345652', '1000000001112', 'Student', 29, 2, @result);
CALL insert_visitor_with_ticket('Rui', 'Costa', 22, 'costa@benfica.com', '6912345653', '1000000001129', 'Student', 30, 1, @result);
CALL insert_visitor_with_ticket('Roy', 'Keane', 24, 'keane@celtic.com', '6912345654', '1000000001136', 'Student', 31, 2, @result);
CALL insert_visitor_with_ticket('Dennis', 'Bergkamp', 23, 'bergkamp@arsenal.com', '6912345655', '1000000001143', 'Student', 32, 2, @result);
CALL insert_visitor_with_ticket('Angelos', 'Charisteas', 37, 'charisteas@head.com', '6912345715', '1000000001198', 'Student', 32, 2, @result);
CALL insert_visitor_with_ticket('Oliver', 'Kahn', 69, 'kahn@bayern.com', '6912345656', '1000000001150', 'Senior Citizen', 33, 3, @result);
CALL insert_visitor_with_ticket('Roberto', 'Baggio', 28, 'baggio@brescia.com', '6912345657', '1000000001167', 'Backstage', 30, 4, @result);

-- YEAR 9 (Events 34-38)
CALL insert_visitor_with_ticket('Chris', 'Hemsworth', 24, 'hemsworth@yahoo.com', '+34 612 345 678', 0100000001202, 'VIP', 34, 2 , @result);
CALL insert_ticket_with_existing_visitor(0100000002094,"Regular", 35, 1, 121, @message);
CALL insert_ticket_with_existing_visitor(0100000002100,"Regular", 36, 1, 121, @message);
CALL insert_ticket_with_existing_visitor(0100000002117,"Regular", 37, 1, 121, @message);
CALL insert_visitor_with_ticket('Tom', 'Holland', 22, 'holland@yahoo.com', '+34 623 456 789', 0100000001219, 'Regular', 34, 1 , @result);
CALL insert_ticket_with_existing_visitor(0100000002124,"Regular", 35, 2, 122, @message);
CALL insert_ticket_with_existing_visitor(0100000002131,"Regular", 36, 2, 122, @message);
CALL insert_ticket_with_existing_visitor(0100000002148,"Regular", 37, 2, 122, @message);
CALL insert_visitor_with_ticket('Pedro', 'Pascal', 23, 'pascal@yahoo.com', '+34 634 567 890', 0100000001226, 'Regular', 36, 2 , @result);
CALL insert_visitor_with_ticket('Ryan', 'Gosling', 51, 'gosling@yahoo.com', '+34 645 678 901', 0100000001233, 'Regular', 37, 2 , @result);
CALL insert_visitor_with_ticket('Bill', 'Murray', 25, 'murray@yahoo.com', '+34 656 789 012', 0100000001240, 'Regular', 38, 1 , @result);
CALL insert_visitor_with_ticket('Joseph', 'Quinn', 36, 'quinn@yahoo.com', '+34 667 890 123', 0100000001257, 'Regular', 34, 2 , @result);
CALL insert_visitor_with_ticket('Bill', 'Skarsgård', 34, 'skarsgård@yahoo.com', '+34 678 901 234', 0100000001264, 'Regular', 35, 2 , @result);
CALL insert_visitor_with_ticket('Glen', 'Powell', 22, 'powell@yahoo.com', '+34 689 012 345', 0100000001271, 'Regular', 36, 1 , @result);
CALL insert_visitor_with_ticket('Mason', 'Gooding', 20, 'gooding@yahoo.com', '+34 690 123 456', 0100000001288, 'Student', 37, 2 , @result);
CALL insert_visitor_with_ticket('Dua', 'Lipa', 19, 'lipa@yahoo.com', '+34 691 234 567', 0100000001295, 'Student', 38, 2 , @result);
CALL insert_visitor_with_ticket('Ariana', 'Greenblatt', 21, 'greenblatt@yahoo.com', '+34 692 345 678', 0100000001301, 'Student', 34, 2 , @result);
CALL insert_visitor_with_ticket('Denzel', 'Washington', 23, 'washington@yahoo.com', '+34 693 456 789', 0100000001318, 'Student', 35, 2 , @result);
CALL insert_visitor_with_ticket('Sydney', 'Sweeney', 32, 'sweeney@yahoo.com', '+34 694 567 890', 0100000001325, 'Student', 36, 2 , @result);
CALL insert_visitor_with_ticket('Zendaya', 'Coleman', 20, 'coleman@yahoo.com', '+34 695 678 901', 0100000001332, 'Student', 37, 1 , @result);
CALL insert_visitor_with_ticket('Danielle', 'Brooks', 44, 'brooks@yahoo.com', '+34 696 789 012', 0100000001349, 'Student', 38, 2 , @result);
CALL insert_visitor_with_ticket('Catherine', 'O\'Hara', 23, 'o\'hara@yahoo.com', '+34 697 890 123', 0100000001356, 'Student', 34, 2 , @result);
CALL insert_visitor_with_ticket('Jason', 'Statham', 22, 'statham@yahoo.com', '+34 698 901 234', 0100000001363, 'Student', 35, 2 , @result);
CALL insert_visitor_with_ticket('Simu', 'Liu', 21, 'liu@yahoo.com', '+34 699 012 345', 0100000001370, 'Student', 36, 2 , @result);
CALL insert_visitor_with_ticket('Ryan', 'Reynolds', 66, 'reynolds@yahoo.com', '+34 600 123 456', 0100000001387, 'Senior Citizen', 37, 2 , @result);
CALL insert_visitor_with_ticket('Cailee', 'Spaeny', 25, 'spaeny@yahoo.com', '+34 601 234 567', 0100000001394, 'Backstage', 38, 1 , @result);

-- YEAR 10 (Events 39-44)
CALL insert_visitor_with_ticket('Tom', 'Cruise', 28, 'cruise@yahoo.com', '0612345678', 0100000001417, 'VIP', 39, 2 , @result);
CALL insert_visitor_with_ticket('Dwayne', 'Johnson', 25, 'johnson@yahoo.com', '0612345679', 0100000001424, 'VIP', 40, 1 , @result);
CALL insert_visitor_with_ticket('Leonardo', 'DiCaprio', 22, 'dicaprio@yahoo.com', '0612345680', 0100000001431, 'Regular', 41, 2 , @result);
CALL insert_visitor_with_ticket('Brad', 'Pitt', 53, 'pitt@yahoo.com', '0612345681', 0100000001448, 'Regular', 42, 2 , @result);
CALL insert_visitor_with_ticket('Will', 'Smith', 53, 'smith@yahoo.com', '0612345682', 0100000001455, 'Regular', 43, 1 , @result);
CALL insert_visitor_with_ticket('Moris', 'Levy', 26, 'leventis@yahoo.com', '0612345683', 0100000001462, 'Regular', 44, 2 , @result);
CALL insert_visitor_with_ticket('Ryan', 'Reynolds', 21, 'reynolds@yahoo.com', '0612345684', 0100000001479, 'Regular', 39, 2 , @result);
CALL insert_visitor_with_ticket('Robert', 'Downey', 27, 'downey@yahoo.com', '0612345685', 0100000001486, 'Regular', 40, 1 , @result);
CALL insert_visitor_with_ticket('Chris', 'Evans', 28, 'evans@yahoo.com', '0612345686', 0100000001493, 'Student', 41, 2 , @result);
CALL insert_visitor_with_ticket('Mark', 'Wahlberg', 19, 'wahlberg@yahoo.com', '0612345687', 0100000001509, 'Student', 42, 2 , @result);
CALL insert_visitor_with_ticket('Matt', 'Damon', 22, 'damon@yahoo.com', '0612345688', 0100000001516, 'Student', 43, 2 , @result);
CALL insert_visitor_with_ticket('Christian', 'Bale', 24, 'bale@yahoo.com', '0612345689', 0100000001523, 'Student', 44, 1 , @result);
CALL insert_visitor_with_ticket('Hugh', 'Jackman', 27, 'jackman@yahoo.com', '0612345690', 0100000001530, 'Student', 39, 2 , @result);
CALL insert_visitor_with_ticket('Keanu', 'Reeves', 25, 'reeves@yahoo.com', '0612345691', 0100000001547, 'Student', 40, 2 , @result);
CALL insert_visitor_with_ticket('Tom', 'Hanks', 21, 'hanks@yahoo.com', '0612345692', 0100000001554, 'Student', 41, 1 , @result);
CALL insert_visitor_with_ticket('Johnny', 'Depp', 40, 'depp@yahoo.com', '0612345693', 0100000001561, 'Student', 42, 2 , @result);
CALL insert_visitor_with_ticket('George', 'Clooney', 22, 'clooney@yahoo.com', '0612345694', 0100000001578, 'Student', 43, 2 , @result);
CALL insert_visitor_with_ticket('Robert', 'DeNiro', 27, 'deniro@yahoo.com', '0612345695', 0100000001585, 'Student', 44, 1 , @result);
CALL insert_visitor_with_ticket('Morgan', 'Freeman', 68, 'freeman@yahoo.com', '0612345696', 0100000001592, 'Senior Citizen', 39, 2 , @result);
CALL insert_visitor_with_ticket('Samuel', 'Jackson', 30, 'jackson@yahoo.com', '0612345697', 0100000001608, 'Backstage', 40, 2 , @result);

-- YEAR 11 (Events 45-47)

CALL insert_visitor_with_ticket('Max', 'Verstappen', 24, 'verstappen@yahoo.com', '07123456789', 0100000001806, 'VIP', 45, 2 , @result);
CALL insert_visitor_with_ticket('Lewis', 'Hamilton', 29, 'hamilton@yahoo.com', '07234567890', 0100000001615, 'VIP', 45, 1 , @result);
CALL insert_visitor_with_ticket('Charles', 'Leclerc', 32, 'leclerc@yahoo.com', '07345678901', 0100000001622, 'Regular', 45, 2 , @result);
CALL insert_visitor_with_ticket('George', 'Russell', 35, 'russell@yahoo.com', '07456789012', 0100000001639, 'Regular', 45, 2 , @result);
CALL insert_visitor_with_ticket('Lando', 'Norris', 43, 'norris@yahoo.com', '07567890123', 0100000001646, 'Regular', 46, 2 , @result);
CALL insert_visitor_with_ticket('Oscar', 'Piastri', 21, 'piastri@yahoo.com', '07678901234', 0100000001653, 'Regular', 46, 1 , @result);
CALL insert_visitor_with_ticket('Carlos', 'Sainz', 36, 'sainz@yahoo.com', '07789012345', 0100000001660, 'Regular', 46, 2 , @result);
CALL insert_visitor_with_ticket('Sergio', 'Perez', 28, 'perez@yahoo.com', '07890123456', 0100000001677, 'Regular', 46, 2 , @result);
CALL insert_visitor_with_ticket('Fernando', 'Alonso', 27, 'alonso@yahoo.com', '07901234567', 0100000001684, 'Student', 46, 2 , @result);
CALL insert_visitor_with_ticket('Sebastian', 'Vettel', 30, 'vettel@yahoo.com', '07012345678', 0100000001691, 'Student', 47, 2 , @result);
CALL insert_visitor_with_ticket('Valtteri', 'Bottas', 44, 'bottas@yahoo.com', '07123456780', 0100000001707, 'Student', 47, 2 , @result);
CALL insert_visitor_with_ticket('Esteban', 'Ocon', 22, 'ocon@yahoo.com', '07234567891', 0100000001714, 'Student', 47, 1 , @result);
CALL insert_visitor_with_ticket('Pierre', 'Gasly', 23, 'gasly@yahoo.com', '07345678902', 0100000001721, 'Student', 47, 2 , @result);
CALL insert_visitor_with_ticket('Kimi', 'Raikkonen', 20, 'raikkonen@yahoo.com', '07456789013', 0100000001738, 'Student', 47, 2 , @result);
CALL insert_visitor_with_ticket('Daniel', 'Ricciardo', 21, 'ricciardo@yahoo.com', '07567890124', 0100000001745, 'Student', 47, 2 , @result);
CALL insert_visitor_with_ticket('Yuki', 'Tsunoda', 19, 'tsunoda@yahoo.com', '07678901235', 0100000001752, 'Student', 47, 1 , @result);
CALL insert_visitor_with_ticket('Nico', 'Hulkenberg', 18, 'hulkenberg@yahoo.com', '07789012346', 0100000001769, 'Student', 47, 2 , @result);
CALL insert_visitor_with_ticket('Robert', 'Kubica', 90, 'kubica@yahoo.com', '07890123457', 0100000001776, 'Senior Citizen', 45, 2 , @result);
CALL insert_visitor_with_ticket('Kevin', 'Magnussen', 28, 'magnussen@yahoo.com', '07901234568', 0100000001783, 'Backstage', 46, 3 , @result);
CALL insert_visitor_with_ticket('Mick', 'Schumacher', 23, 'schumacher@yahoo.com', '07012345679', 0100000001790, 'Regular', 47, 4 , @result);

-- YEAR 12 (Events 48-50)

CALL insert_visitor_with_ticket('Kyriakos', 'Mitsotakis', 28, 'mitsotakis@yahoo.com', '+351912345678', 0100000001813, 'VIP', 48, 2 , @result);
CALL insert_visitor_with_ticket('Alexis', 'Tsipras', 22, 'tsipras@yahoo.com', '+49 15123456789', 0100000001820, 'VIP', 48, 1 , @result);
CALL insert_visitor_with_ticket('Nikos', 'Androulakis', 24, 'androulakis@yahoo.com', '+31 612345678', 0100000001837, 'Regular', 48, 2 , @result);
CALL insert_visitor_with_ticket('Dora', 'Bakoyannis', 26, 'bakoyannis@yahoo.com', '+351912345679', 0100000001844, 'Regular', 48, 2 , @result);
CALL insert_visitor_with_ticket('Katerina', 'Sakellaropoulou', 23, 'sakellaropoulou@yahoo.com', '+49 15123456780', 0100000001851, 'Regular', 48, 1 , @result);
CALL insert_visitor_with_ticket('Antonis', 'Samaras', 25, 'samaras@yahoo.com', '+31 612345679', 0100000001868, 'Regular', 49, 2 , @result);
CALL insert_visitor_with_ticket('George', 'Papandreou', 27, 'papandreou@yahoo.com', '+351912345680', 0100000001875, 'Regular', 49, 2 , @result);
CALL insert_visitor_with_ticket('Evangelos', 'Venizelos', 29, 'venizelos@yahoo.com', '+49 15123456781', 0100000001882, 'Regular', 49, 1 , @result);
CALL insert_visitor_with_ticket('Kostas', 'Karamanlis', 28, 'karamanlis@yahoo.com', '+31 612345680', 0100000001899, 'Student', 49, 2 , @result);
CALL insert_visitor_with_ticket('Prokopis', 'Pavlopoulos', 27, 'pavlopoulos@yahoo.com', '+351912345681', 0100000001905, 'Student', 49, 2 , @result);
CALL insert_visitor_with_ticket('Dimitris', 'Avramopoulos', 43, 'avramopoulos@yahoo.com', '+49 15123456782', 0100000001912, 'Student', 50, 2 , @result);
CALL insert_visitor_with_ticket('Nikos', 'Dendias', 34, 'dendias@yahoo.com', '+31 612345681', 0100000001929, 'Student', 50, 2 , @result);
CALL insert_visitor_with_ticket('Fotis', 'Kouvelis', 30, 'kouvelis@yahoo.com', '+351912345682', 0100000001936, 'Student', 50, 2 , @result);
CALL insert_visitor_with_ticket('Kostis', 'Hatzidakis', 26, 'hatzidakis@yahoo.com', '+49 15123456783', 0100000001943, 'Student', 50, 2 , @result);
CALL insert_visitor_with_ticket('Stavros', 'Dimas', 27, 'dimas@yahoo.com', '+31 612345682', 0100000001950, 'Student', 50, 2 , @result);
CALL insert_visitor_with_ticket('Maria', 'Damanaki', 28, 'damanaki@yahoo.com', '+351912345683', 0100000001967, 'Student', 49, 2 , @result);
CALL insert_visitor_with_ticket('Yanis', 'Varoufakis', 42, 'varoufakis@yahoo.com', '+49 15123456784', 0100000001974, 'Student', 49, 2 , @result);
CALL insert_visitor_with_ticket('Panagiotis', 'Pikrammenos', 55, 'pikrammenos@yahoo.com', '+31 612345683', 0100000001981, 'Student', 49, 1 , @result);
CALL insert_visitor_with_ticket('Makis', 'Voridis', 30, 'voridis@yahoo.com', '+351912345684', 0100000001998, 'Backstage', 48, 1 , @result);
CALL insert_visitor_with_ticket('Kyriakos', 'Pierrakakis', 100, 'pierrakakis@yahoo.com', '+49 15123456785', 0100000002001, 'Senior Citizen', 48, 2 , @result);

--validate tickets for festivals that have happened 
UPDATE ticket
SET validated = 1
WHERE event_id < 39;


-- Insert 20 future buyers
CALL insert_buyer_visitor('Pedro', 'Sánchez', 29, 'sanchez@gmail.com', '+8613601234567');
CALL insert_buyer_visitor('Pablo', 'Iglesias', 34, 'iglesias@gmail.com', '+97577345612');
CALL insert_buyer_visitor('Inés', 'Arrimadas', 27, 'arrimadas@gmail.com', '+8210209876543');
CALL insert_buyer_visitor('Santiago', 'Abascal', 41, 'abascal@gmail.com', '+8618809876543');
CALL insert_buyer_visitor('Yolanda', 'Díaz', 30, 'diaz@gmail.com', '+8210754321987');
CALL insert_buyer_visitor('Alberto', 'Feijóo', 45, 'feijoo@gmail.com', '+8613704567890');
CALL insert_buyer_visitor('Irene', 'Montero', 26, 'montero@gmail.com', '+97577723456');
CALL insert_buyer_visitor('Ada', 'Colau', 39, 'colau@gmail.com', '+8613803456123');
CALL insert_buyer_visitor('Manuela', 'Carmena', 68, 'carmena@gmail.com', '+8210156765432');
CALL insert_buyer_visitor('José', 'Zarzalejos', 33, 'zarzalejos@gmail.com', '+8613912347890');
CALL insert_buyer_visitor('Mariano', 'Rajoy', 52, 'rajoy@gmail.com', '+8210201234567');
CALL insert_buyer_visitor('Soraya', 'Sáenz', 44, 'saenz@gmail.com', '+97577123456');
CALL insert_buyer_visitor('José', 'Borrell', 38, 'borrell@gmail.com', '+8613509871234');
CALL insert_buyer_visitor('Teresa', 'Ribera', 31, 'ribera@gmail.com', '+8210801234567');
CALL insert_buyer_visitor('Cristina', 'Narbonne', 36, 'narbonne@gmail.com', '+97577567890');
CALL insert_buyer_visitor('Arancha', 'González', 28, 'gonzalez@gmail.com', '+8613608765432');
CALL insert_buyer_visitor('Carme', 'Chacón', 87, 'chacon@gmail.com', '+8210304567891');
CALL insert_buyer_visitor('Joaquín', 'Almunia', 54, 'almunia@gmail.com', '+97577876543');
CALL insert_buyer_visitor('Miguel', 'Arias', 42, 'arias@gmail.com', '+8613903456781');
CALL insert_buyer_visitor('Pilar', 'Delgado', 23, 'delgado@gmail.com', '+8210509876543');

-- 12 Tickets people are selling
INSERT INTO date_issued(year_issued,month_issued,day_issued) VALUES
(2015,12,4),
(2016,7,9),
(2017,10,4),
(2018,7,25),
(2019,1,31),
(2020,5,6),
(2021,3,5),
(2022,12,18),
(2023,11,25),
(2024,3,17),
(2025,3,28),
(2026,5,3);

-- One ticket for every year
INSERT INTO reselling_tickets(reselling_ticket_id,`EAN_13`) VALUES
(1,0100000002155),
(2,0100000002353),
(3,1000000000009),
(4,1000000000191),
(5,1000000000382),
(6,1000000000603),
(7,1000000000795),
(8,1000000000986),
(9,0100000001202),
(10,0100000001417),
(11,0100000001806),
(12,0100000001813);

-- 12 other tickets people want (which were issued according to date_issued table)
INSERT INTO desired_ticket_by_event(buyer_id,ticket_type_id,event_id,date_issued_id) VALUES
(1,1,2,1),
(2,1,6,2),
(3,2,10,3),
(4,2,13,4),
(5,2,27,5),
(6,3,21,6),
(7,3,25,7),
(8,3,29,8),
(9,3,35,9),
(10,3,40,10),
(11,1,46,11),
(12,1,49,12);

-- Insert about 9 reviews per year for 9 years (only for festivals that have happened)
INSERT INTO reviews(reviews_id,visitor_id,performance_id) VALUES
(1,1,1), /*2016*/
(2,3,1),
(3,3,2),
(4,9,2),
(5,1,3),
(6,9,3),
(7,2,4),
(8,2,4),
(9,15,4),
(10,4,5),
(11,15,6),
(12,5,7),
(13,6,7),
(14,11,8),
(15,11,7),
(16,16,9),

(17,21,13), /*2017*/
(18,21,14),
(19,30,16),
(20,28,22),

(21,53,25), /*2018*/
(22,53,26),
(23,47,27),
(24,44,28),
(25,58,29),
(26,45,30),
(27,49,31),

(28,61,32), /*2019*/
(29,69,33),
(30,73,33),
(31,62,34),
(32,66,34),
(33,66,35),
(34,79,35),
(35,76,38),
(36,65,39),
(37,70,40),

(38,82,41), /*2020*/
(39,86,42),
(40,100,42),
(41,82,42),
(42,87,43),
(43,91,44),

(44,101,47), /*2021*/
(45,102,47),
(46,117,48),
(47,103,49),
(48,104,49),
(49,115,50),
(50,111,50),

(51,126,55), /*2022*/
(52,130,55),
(53,130,56),
(54,133,57),
(55,127,57),
(56,132,58),
(57,136,59),
(58,131,60),
(59,138,61),

(60,142,62), /*2023*/
(61,148,62),
(62,103,64),
(63,149,64),
(64,150,65),
(65,146,68),
(66,152,68),
(67,159,68),

(68,161,70), /*2024*/
(69,161,71),
(70,166,70),
(71,166,71),
(72,171,70),
(73,171,71),
(74,176,71),
(75,168,74),
(76,173,74),
(77,173,75),
(78,165,78),
(79,128,79),
(80,132,79),
(81,136,79);

-- Insert them into likert scale table
INSERT INTO likert_scale(likert_scale_id,reviews_id,performance_score,sound_light_quality_score,stage_presence_score,organization_score,total_impression_score) VALUES
(1, 1, 4, 3, 4, 3, 4),
(2, 2, 4, 3, 4, 5, 4),
(3, 3, 4, 4, 4, 4, 4),
(4, 4, 5, 5, 4, 4, 5),
(5, 5, 3, 4, 3, 4, 3),
(6, 6, 4, 4, 4, 4, 4),
(7, 7, 2, 3, 4, 3, 3),
(8, 8, 4, 4, 4, 4, 4),
(9, 9, 4, 4, 5, 4, 5),
(10, 10, 4, 5, 2, 3, 4),
(11, 11, 4, 3, 4, 4, 5),
(12, 12, 5, 5, 5, 5, 5),
(13, 13, 4, 3, 4, 3, 4),
(14, 14, 3, 4, 4, 4, 4),
(15, 15, 4, 3, 4, 3, 4),
(16, 16, 1, 2, 2, 2, 2),
(17, 17, 4, 4, 4, 4, 4),
(18, 18, 4, 4, 3, 4, 4),
(19, 19, 4, 5, 4, 1, 4),
(20, 20, 2, 3, 2, 2, 2),
(21, 21, 5, 5, 5, 5, 5),
(22, 22, 4, 3, 4, 4, 4),
(23, 23, 4, 4, 5, 4, 4),
(24, 24, 1, 2, 4, 3, 3),
(25, 25, 5, 4, 4, 4, 5),
(26, 26, 4, 4, 4, 4, 4),
(27, 27, 4, 3, 4, 4, 3),
(28, 28, 3, 4, 3, 3, 3),
(29, 29, 1, 1, 1, 1, 1),
(30, 30, 5, 5, 5, 5, 5),
(31, 31, 4, 5, 4, 5, 5),
(32, 32, 5, 5, 5, 4, 5),
(33, 33, 2, 2, 3, 2, 2),
(34, 34, 4, 4, 4, 4, 4),
(35, 35, 4, 4, 3, 4, 4),
(36, 36, 5, 5, 4, 5, 5),
(37, 37, 4, 4, 4, 4, 4),
(38, 38, 4, 4, 3, 4, 4),
(39, 39, 4, 4, 5, 4, 5),
(40, 40, 3, 3, 4, 3, 3),
(41, 41, 4, 4, 4, 4, 4),
(42, 42, 3, 3, 4, 3, 3),
(43, 43, 1, 1, 1, 1, 1),
(44, 44, 1, 1, 1, 1, 1),
(45, 45, 1, 4, 2, 2, 3),
(46, 46, 4, 4, 4, 4, 4),
(47, 47, 4, 3, 4, 3, 4),
(48, 48, 3, 3, 3, 3, 3),
(49, 49, 4, 4, 4, 4, 4),
(50, 50, 4, 4, 5, 4, 5),
(51, 51, 4, 4, 4, 4, 4),
(52, 52, 1, 1, 1, 1, 1),
(53, 53, 4, 4, 4, 4, 4),
(54, 54, 3, 3, 4, 3, 3),
(55, 55, 4, 4, 2, 4, 4),
(56, 56, 5, 2, 2, 4, 3),
(57, 57, 4, 4, 4, 4, 4),
(58, 58, 4, 4, 4, 3, 4),
(59, 59, 4, 3, 4, 3, 4),
(60, 60, 4, 2, 4, 4, 4),
(61, 61, 4, 5, 4, 1, 4),
(62, 62, 4, 3, 2, 1, 1),
(63, 63, 5, 4, 4, 5, 5),
(64, 64, 3, 3, 3, 3, 3),
(65, 65, 2, 1, 2, 2, 2),
(66, 66, 1, 1, 1, 1, 1),
(67, 67, 5, 5, 5, 5, 5),
(68, 68, 3, 2, 3, 4, 3),
(69, 69, 5, 4, 5, 4, 5),
(70, 70, 2, 3, 3, 2, 4),
(71, 71, 2, 3, 3, 4, 3),
(72, 72, 1, 2, 1, 2, 1),
(73, 73, 5, 1, 5, 5, 4),
(74, 74, 4, 4, 3, 4, 4),
(75, 75, 3, 4, 4, 4, 4),
(76, 76, 4, 3, 3, 5, 4),
(77, 77, 3, 4, 4, 3, 4),
(78, 78, 1, 4, 4, 2, 4),
(79, 79, 2, 2, 5, 5, 4),
(80, 80, 3, 3, 1, 1, 4),
(81, 81, 1, 2, 3, 4, 5);


--------------------------Images----------------------------
INSERT INTO festival_image(festival_image_id,festival_year,festival_image_description,festival_image_path) VALUES
(1,2023,"2023 Festival Poster","C:/Images/FestivalPosters/2023.png"),
(2,2024,"2024 Festival Poster","C:/Images/FestivalPosters/2024.png"),
(3,2025,"2025 Festival Poster","C:/Images/FestivalPosters/FutureEvents/2025.png");

INSERT INTO artist_image(artist_image_id,artist_id,artist_image_description,artist_image_path) VALUES
(1,2,"Drake performing in Pattiheio Venue","C:/Images/ArtistPhotos/DrakePattiheio.png"),
(2,129,"Selena Gomez performing in G.S.Z","C:/Images/ArtistPhotos/SelenaGSZ.png");

INSERT INTO location_image(location_image_id,location_id,location_image_description,location_image_path) VALUES
(1,4,"Aerial view of Madrid","C:/Images/LocationImages/Madrid.png"),
(2,5,"Aerial view of Lisbon","C:/Images/LocationImages/Lisbon.png"),
(3,11,"Aerial view of Pyongyang","C:/Images/LocationImages/Pyongyang.png");

INSERT INTO post_performance_image(post_performance_image_id,performance_id,post_performance_image_description,post_performance_image_path) VALUES
(1,57,"Taylor Swift performs in Achaemenid Empire (Persia)","C:/Images/Performances/AchaemenidEmpire/TaylorSwift.png"),
(2,52,"Ghost perform in Maurya Empire (India)","C:/Images/Performances/MauryaEmpireIndia/Ghost.png");

INSERT INTO band_image(band_image_id,band_id,band_image_description,band_image_path) VALUES
(1,2,"Rammstein Group Picture", "C:/Images/Bands/rammstein.png"),
(2,9,"Placebo Group Picture", "C:/Images/Bands/placebo.png"),
(3,13,"Franz Ferdinand Group Picture", "C:/Images/Bands/franzferdinand.png");

INSERT INTO staff_image(staff_image_id,staff_id,staff_image_description,staff_image_path) VALUES
(1,42,"Kalliopi Stefanidou","C:/Images/Staff/KalliopiStefanidou.png"),
(2,48,"Persefoni Vlachou","C:/Images/Staff/PersefoniVlachou.png"),
(3,39,"Lebron James","C:/Images/Staff/LebronJames.png");

INSERT INTO event_image(event_image_id,event_id,event_image_description,event_image_path) VALUES
(1,28,"High Middle Ages Banner","C:/Images/EventBanners/HighMiddleAges.png"),
(2,34,"Viking Age Banner","C:/Images/EventBanners/VikingAge.png"),
(3,49,"Postcolonial Era Banner", "C:/Images/EventBanners/FutureEvents/PostcolonialEra.png");

